trading_day,index_name,symbol,close_1400
2020-11-02,CSI1000,000852.SH,6519.3999999999996
2020-11-03,CSI1000,000852.SH,6624.6599999999999
2020-11-04,CSI1000,000852.SH,6630.9499999999998
2020-11-05,CSI1000,000852.SH,6747.1400000000003
2020-11-06,CSI1000,000852.SH,6659.5100000000002
2020-11-09,CSI1000,000852.SH,6866.5900000000001
2020-11-10,CSI1000,000852.SH,6763.5500000000002
2020-11-11,CSI1000,000852.SH,6689.3199999999997
2020-11-12,CSI1000,000852.SH,6662.4200000000001
2020-11-13,CSI1000,000852.SH,6652.2799999999997
2020-11-16,CSI1000,000852.SH,6735.8999999999996
2020-11-17,CSI1000,000852.SH,6656.1499999999996
2020-11-18,CSI1000,000852.SH,6678.3800000000001
2020-11-19,CSI1000,000852.SH,6707.9700000000003
2020-11-20,CSI1000,000852.SH,6758.8599999999997
2020-11-23,CSI1000,000852.SH,6826.6899999999996
2020-11-24,CSI1000,000852.SH,6802.4499999999998
2020-11-25,CSI1000,000852.SH,6730.6700000000001
2020-11-26,CSI1000,000852.SH,6642.8699999999999
2020-11-27,CSI1000,000852.SH,6606.3500000000004
2020-11-30,CSI1000,000852.SH,6660.7700000000004
2020-12-01,CSI1000,000852.SH,6702.0200000000004
2020-12-02,CSI1000,000852.SH,6725.8699999999999
2020-12-03,CSI1000,000852.SH,6707.9200000000001
2020-12-04,CSI1000,000852.SH,6750.6999999999998
2020-12-07,CSI1000,000852.SH,6755.8199999999997
2020-12-08,CSI1000,000852.SH,6745.2299999999996
2020-12-09,CSI1000,000852.SH,6651.6300000000001
2020-12-10,CSI1000,000852.SH,6617.4700000000003
2020-12-11,CSI1000,000852.SH,6457.6800000000003
2020-12-14,CSI1000,000852.SH,6535.8800000000001
2020-12-15,CSI1000,000852.SH,6590.29
2020-12-16,CSI1000,000852.SH,6568.04
2020-12-17,CSI1000,000852.SH,6577.8900000000003
2020-12-18,CSI1000,000852.SH,6588.4499999999998
2020-12-21,CSI1000,000852.SH,6688.25
2020-12-22,CSI1000,000852.SH,6623.3800000000001
2020-12-23,CSI1000,000852.SH,6561.0699999999997
2020-12-24,CSI1000,000852.SH,6497.2700000000004
2020-12-25,CSI1000,000852.SH,6552.1599999999999
2020-12-28,CSI1000,000852.SH,6513.3999999999996
2020-12-29,CSI1000,000852.SH,6505.3299999999999
2020-12-30,CSI1000,000852.SH,6528.0500000000002
2020-12-31,CSI1000,000852.SH,6625.0200000000004
2021-01-04,CSI1000,000852.SH,6790.3100000000004
2021-01-05,CSI1000,000852.SH,6796.5600000000004
2021-01-06,CSI1000,000852.SH,6712.6000000000004
2021-01-07,CSI1000,000852.SH,6582.4700000000003
2021-01-08,CSI1000,000852.SH,6567.0799999999999
2021-01-11,CSI1000,000852.SH,6477.6499999999996
2021-01-12,CSI1000,000852.SH,6544.25
2021-01-13,CSI1000,000852.SH,6492.5299999999997
2021-01-14,CSI1000,000852.SH,6547.0900000000001
2021-01-15,CSI1000,000852.SH,6487.5100000000002
2021-01-18,CSI1000,000852.SH,6638.1599999999999
2021-01-19,CSI1000,000852.SH,6629.2299999999996
2021-01-20,CSI1000,000852.SH,6645.1300000000001
2021-01-21,CSI1000,000852.SH,6770.29
2021-01-22,CSI1000,000852.SH,6708.4099999999999
2021-01-25,CSI1000,000852.SH,6682.9899999999998
2021-01-26,CSI1000,000852.SH,6538.5600000000004
2021-01-27,CSI1000,000852.SH,6537.7299999999996
2021-01-28,CSI1000,000852.SH,6443.2600000000002
2021-01-29,CSI1000,000852.SH,6299.6499999999996
2021-02-01,CSI1000,000852.SH,6321.7600000000002
2021-02-02,CSI1000,000852.SH,6401.6300000000001
2021-02-03,CSI1000,000852.SH,6357.3699999999999
2021-02-04,CSI1000,000852.SH,6136.0600000000004
2021-02-05,CSI1000,000852.SH,6117.4099999999999
2021-02-08,CSI1000,000852.SH,6090.8699999999999
2021-02-09,CSI1000,000852.SH,6247.3800000000001
2021-02-10,CSI1000,000852.SH,6298.96
2021-02-18,CSI1000,000852.SH,6405.4099999999999
2021-02-19,CSI1000,000852.SH,6508.1300000000001
2021-02-22,CSI1000,000852.SH,6624.1099999999997
2021-02-23,CSI1000,000852.SH,6523.7799999999997
2021-02-24,CSI1000,000852.SH,6437.8599999999997
2021-02-25,CSI1000,000852.SH,6421.79
2021-02-26,CSI1000,000852.SH,6316.3900000000003
2021-03-01,CSI1000,000852.SH,6458.0500000000002
2021-03-02,CSI1000,000852.SH,6434.6099999999997
2021-03-03,CSI1000,000852.SH,6529.0600000000004
2021-03-04,CSI1000,000852.SH,6439.5500000000002
2021-03-05,CSI1000,000852.SH,6474.7200000000003
2021-03-08,CSI1000,000852.SH,6397.8800000000001
2021-03-09,CSI1000,000852.SH,6228.7600000000002
2021-03-10,CSI1000,000852.SH,6093.1499999999996
2021-03-11,CSI1000,000852.SH,6209.3599999999997
2021-03-12,CSI1000,000852.SH,6213.8199999999997
2021-03-15,CSI1000,000852.SH,6161.7399999999998
2021-03-16,CSI1000,000852.SH,6208.46
2021-03-17,CSI1000,000852.SH,6274.0600000000004
2021-03-18,CSI1000,000852.SH,6294.9799999999996
2021-03-19,CSI1000,000852.SH,6251.1700000000001
2021-03-22,CSI1000,000852.SH,6346.3299999999999
2021-03-23,CSI1000,000852.SH,6299.21
2021-03-24,CSI1000,000852.SH,6200.4899999999998
2021-03-25,CSI1000,000852.SH,6203.5900000000001
2021-03-26,CSI1000,000852.SH,6305.1800000000003
2021-03-29,CSI1000,000852.SH,6324.5
2021-03-30,CSI1000,000852.SH,6290.6899999999996
2021-03-31,CSI1000,000852.SH,6288.9899999999998
2021-04-01,CSI1000,000852.SH,6322.3400000000001
2021-04-02,CSI1000,000852.SH,6351.1000000000004
2021-04-06,CSI1000,000852.SH,6413.2600000000002
2021-04-07,CSI1000,000852.SH,6405.79
2021-04-08,CSI1000,000852.SH,6430.46
2021-04-09,CSI1000,000852.SH,6387.1800000000003
2021-04-12,CSI1000,000852.SH,6289.8299999999999
2021-04-13,CSI1000,000852.SH,6234.5699999999997
2021-04-14,CSI1000,000852.SH,6315.4399999999996
2021-04-15,CSI1000,000852.SH,6294.3800000000001
2021-04-16,CSI1000,000852.SH,6376.7600000000002
2021-04-19,CSI1000,000852.SH,6468.8699999999999
2021-04-20,CSI1000,000852.SH,6494.1899999999996
2021-04-21,CSI1000,000852.SH,6462.0500000000002
2021-04-22,CSI1000,000852.SH,6490.5799999999999
2021-04-23,CSI1000,000852.SH,6442.21
2021-04-26,CSI1000,000852.SH,6458.7299999999996
2021-04-27,CSI1000,000852.SH,6392.0100000000002
2021-04-28,CSI1000,000852.SH,6416.4300000000003
2021-04-29,CSI1000,000852.SH,6421.8299999999999
2021-04-30,CSI1000,000852.SH,6373.8800000000001
2021-05-06,CSI1000,000852.SH,6405.4799999999996
2021-05-07,CSI1000,000852.SH,6351.9799999999996
2021-05-10,CSI1000,000852.SH,6316.5900000000001
2021-05-11,CSI1000,000852.SH,6353.0500000000002
2021-05-12,CSI1000,000852.SH,6396.1300000000001
2021-05-13,CSI1000,000852.SH,6386.7700000000004
2021-05-14,CSI1000,000852.SH,6453.4899999999998
2021-05-17,CSI1000,000852.SH,6456.5900000000001
2021-05-18,CSI1000,000852.SH,6476.3900000000003
2021-05-19,CSI1000,000852.SH,6492.1300000000001
2021-05-20,CSI1000,000852.SH,6500.6599999999999
2021-05-21,CSI1000,000852.SH,6490.6199999999999
2021-05-24,CSI1000,000852.SH,6522.79
2021-05-25,CSI1000,000852.SH,6604.6700000000001
2021-05-26,CSI1000,000852.SH,6654.9799999999996
2021-05-27,CSI1000,000852.SH,6684.9300000000003
2021-05-28,CSI1000,000852.SH,6689.2299999999996
2021-05-31,CSI1000,000852.SH,6794.8699999999999
2021-06-01,CSI1000,000852.SH,6838.4200000000001
2021-06-02,CSI1000,000852.SH,6757.0900000000001
2021-06-03,CSI1000,000852.SH,6795.9200000000001
2021-06-04,CSI1000,000852.SH,6788.7700000000004
2021-06-07,CSI1000,000852.SH,6841.0799999999999
2021-06-08,CSI1000,000852.SH,6791.2700000000004
2021-06-09,CSI1000,000852.SH,6806.0299999999997
2021-06-10,CSI1000,000852.SH,6884.6999999999998
2021-06-11,CSI1000,000852.SH,6880.9399999999996
2021-06-15,CSI1000,000852.SH,6843.3400000000001
2021-06-16,CSI1000,000852.SH,6682.6599999999999
2021-06-17,CSI1000,000852.SH,6771.6999999999998
2021-06-18,CSI1000,000852.SH,6850.9200000000001
2021-06-21,CSI1000,000852.SH,6948.5699999999997
2021-06-22,CSI1000,000852.SH,6983.71
2021-06-23,CSI1000,000852.SH,7051.8999999999996
2021-06-24,CSI1000,000852.SH,6990.3599999999997
2021-06-25,CSI1000,000852.SH,7006.8400000000001
2021-06-28,CSI1000,000852.SH,7047.3900000000003
2021-06-29,CSI1000,000852.SH,7018.6700000000001
2021-06-30,CSI1000,000852.SH,7062.8100000000004
2021-07-01,CSI1000,000852.SH,7068.0100000000002
2021-07-02,CSI1000,000852.SH,6914.1599999999999
2021-07-05,CSI1000,000852.SH,6970.0600000000004
2021-07-06,CSI1000,000852.SH,6914.2600000000002
2021-07-07,CSI1000,000852.SH,7079.96
2021-07-08,CSI1000,000852.SH,7093.3800000000001
2021-07-09,CSI1000,000852.SH,7129.9399999999996
2021-07-12,CSI1000,000852.SH,7273.71
2021-07-13,CSI1000,000852.SH,7305.4399999999996
2021-07-14,CSI1000,000852.SH,7320.6400000000003
2021-07-15,CSI1000,000852.SH,7221.21
2021-07-16,CSI1000,000852.SH,7264.3699999999999
2021-07-19,CSI1000,000852.SH,7188.5600000000004
2021-07-20,CSI1000,000852.SH,7227.5799999999999
2021-07-21,CSI1000,000852.SH,7406.21
2021-07-22,CSI1000,000852.SH,7424.75
2021-07-23,CSI1000,000852.SH,7392.3400000000001
2021-07-26,CSI1000,000852.SH,7272.5500000000002
2021-07-27,CSI1000,000852.SH,7300.9099999999999
2021-07-28,CSI1000,000852.SH,6928.6700000000001
2021-07-29,CSI1000,000852.SH,7206.8599999999997
2021-07-30,CSI1000,000852.SH,7219.8299999999999
2021-08-02,CSI1000,000852.SH,7368.0200000000004
2021-08-03,CSI1000,000852.SH,7349.4099999999999
2021-08-04,CSI1000,000852.SH,7458.9099999999999
2021-08-05,CSI1000,000852.SH,7437.6800000000003
2021-08-06,CSI1000,000852.SH,7427.1400000000003
2021-08-09,CSI1000,000852.SH,7493.3199999999997
2021-08-10,CSI1000,000852.SH,7520.9399999999996
2021-08-11,CSI1000,000852.SH,7605
2021-08-12,CSI1000,000852.SH,7653.5799999999999
2021-08-13,CSI1000,000852.SH,7620.6199999999999
2021-08-16,CSI1000,000852.SH,7598.25
2021-08-17,CSI1000,000852.SH,7403.8299999999999
2021-08-18,CSI1000,000852.SH,7363.04
2021-08-19,CSI1000,000852.SH,7488.1899999999996
2021-08-20,CSI1000,000852.SH,7394.71
2021-08-23,CSI1000,000852.SH,7657.6999999999998
2021-08-24,CSI1000,000852.SH,7715.71
2021-08-25,CSI1000,000852.SH,7736.8100000000004
2021-08-26,CSI1000,000852.SH,7713.9300000000003
2021-08-27,CSI1000,000852.SH,7671
2021-08-30,CSI1000,000852.SH,7700.5699999999997
2021-08-31,CSI1000,000852.SH,7707.2299999999996
2021-09-01,CSI1000,000852.SH,7598.8199999999997
2021-09-02,CSI1000,000852.SH,7676.5100000000002
2021-09-03,CSI1000,000852.SH,7647.9200000000001
2021-09-06,CSI1000,000852.SH,7707.0100000000002
2021-09-07,CSI1000,000852.SH,7876.46
2021-09-08,CSI1000,000852.SH,7890.8299999999999
2021-09-09,CSI1000,000852.SH,7862.3199999999997
2021-09-10,CSI1000,000852.SH,7931.5799999999999
2021-09-13,CSI1000,000852.SH,7930.3199999999997
2021-09-14,CSI1000,000852.SH,7957.7200000000003
2021-09-15,CSI1000,000852.SH,7965.5500000000002
2021-09-16,CSI1000,000852.SH,7784.9700000000003
2021-09-17,CSI1000,000852.SH,7696.9899999999998
2021-09-22,CSI1000,000852.SH,7772.0100000000002
2021-09-23,CSI1000,000852.SH,7828
2021-09-24,CSI1000,000852.SH,7730.5299999999997
2021-09-27,CSI1000,000852.SH,7507.8199999999997
2021-09-28,CSI1000,000852.SH,7494.5600000000004
2021-09-29,CSI1000,000852.SH,7265.3500000000004
2021-09-30,CSI1000,000852.SH,7397.2399999999998
2021-10-08,CSI1000,000852.SH,7416.7299999999996
2021-10-11,CSI1000,000852.SH,7389.3900000000003
2021-10-12,CSI1000,000852.SH,7156.25
2021-10-13,CSI1000,000852.SH,7261.46
2021-10-14,CSI1000,000852.SH,7350.6000000000004
2021-10-15,CSI1000,000852.SH,7373.4700000000003
2021-10-18,CSI1000,000852.SH,7388.5600000000004
2021-10-19,CSI1000,000852.SH,7492.75
2021-10-20,CSI1000,000852.SH,7522
2021-10-21,CSI1000,000852.SH,7495.3599999999997
2021-10-22,CSI1000,000852.SH,7463.29
2021-10-25,CSI1000,000852.SH,7512.6899999999996
2021-10-26,CSI1000,000852.SH,7511.9799999999996
2021-10-27,CSI1000,000852.SH,7419.6499999999996
2021-10-28,CSI1000,000852.SH,7295.6300000000001
2021-10-29,CSI1000,000852.SH,7374.4099999999999
2021-11-01,CSI1000,000852.SH,7457.0600000000004
2021-11-02,CSI1000,000852.SH,7314.3999999999996
2021-11-03,CSI1000,000852.SH,7321.3800000000001
2021-11-04,CSI1000,000852.SH,7460.5500000000002
2021-11-05,CSI1000,000852.SH,7427.1599999999999
2021-11-08,CSI1000,000852.SH,7415.6599999999999
2021-11-09,CSI1000,000852.SH,7521.5799999999999
2021-11-10,CSI1000,000852.SH,7483.5
2021-11-11,CSI1000,000852.SH,7597.21
2021-11-12,CSI1000,000852.SH,7699.0100000000002
2021-11-15,CSI1000,000852.SH,7686.7700000000004
2021-11-16,CSI1000,000852.SH,7614.3699999999999
2021-11-17,CSI1000,000852.SH,7704.1899999999996
2021-11-18,CSI1000,000852.SH,7733.8100000000004
2021-11-19,CSI1000,000852.SH,7804.8800000000001
2021-11-22,CSI1000,000852.SH,7939.3999999999996
2021-11-23,CSI1000,000852.SH,7944.46
2021-11-24,CSI1000,000852.SH,7961.3100000000004
2021-11-25,CSI1000,000852.SH,7949.0799999999999
2021-11-26,CSI1000,000852.SH,7939.0299999999997
2021-11-29,CSI1000,000852.SH,7982.4499999999998
2021-11-30,CSI1000,000852.SH,8040.6300000000001
2021-12-01,CSI1000,000852.SH,8024.2299999999996
2021-12-02,CSI1000,000852.SH,8000.3299999999999
2021-12-03,CSI1000,000852.SH,8024.3800000000001
2021-12-06,CSI1000,000852.SH,7970.2299999999996
2021-12-07,CSI1000,000852.SH,7746.6599999999999
2021-12-08,CSI1000,000852.SH,7904.29
2021-12-09,CSI1000,000852.SH,7931.3999999999996
2021-12-10,CSI1000,000852.SH,7960.7600000000002
2021-12-13,CSI1000,000852.SH,7993.4300000000003
2021-12-14,CSI1000,000852.SH,7981.3400000000001
2021-12-15,CSI1000,000852.SH,7989.2600000000002
2021-12-16,CSI1000,000852.SH,7982.5100000000002
2021-12-17,CSI1000,000852.SH,7918.1599999999999
2021-12-20,CSI1000,000852.SH,7795.29
2021-12-21,CSI1000,000852.SH,7832.8199999999997
2021-12-22,CSI1000,000852.SH,7937.3999999999996
2021-12-23,CSI1000,000852.SH,7932.6199999999999
2021-12-24,CSI1000,000852.SH,7788.7299999999996
2021-12-27,CSI1000,000852.SH,7770.6099999999997
2021-12-28,CSI1000,000852.SH,7828.5500000000002
2021-12-29,CSI1000,000852.SH,7873.8100000000004
2021-12-30,CSI1000,000852.SH,7925.8400000000001
2021-12-31,CSI1000,000852.SH,8006.8400000000001
2022-01-04,CSI1000,000852.SH,7999.9300000000003
2022-01-05,CSI1000,000852.SH,7752.4899999999998
2022-01-06,CSI1000,000852.SH,7860.3000000000002
2022-01-07,CSI1000,000852.SH,7765.0200000000004
2022-01-10,CSI1000,000852.SH,7725.2200000000003
2022-01-11,CSI1000,000852.SH,7658.8500000000004
2022-01-12,CSI1000,000852.SH,7758.2799999999997
2022-01-13,CSI1000,000852.SH,7680.6999999999998
2022-01-14,CSI1000,000852.SH,7699.9200000000001
2022-01-17,CSI1000,000852.SH,7815.1000000000004
2022-01-18,CSI1000,000852.SH,7757.9899999999998
2022-01-19,CSI1000,000852.SH,7623.0900000000001
2022-01-20,CSI1000,000852.SH,7531.6400000000003
2022-01-21,CSI1000,000852.SH,7422.1599999999999
2022-01-24,CSI1000,000852.SH,7435.3800000000001
2022-01-25,CSI1000,000852.SH,7230.2299999999996
2022-01-26,CSI1000,000852.SH,7140.46
2022-01-27,CSI1000,000852.SH,7044.6899999999996
2022-01-28,CSI1000,000852.SH,7049.8900000000003
2022-02-07,CSI1000,000852.SH,7059.8999999999996
2022-02-08,CSI1000,000852.SH,7018.7600000000002
2022-02-09,CSI1000,000852.SH,7177.21
2022-02-10,CSI1000,000852.SH,7149.3100000000004
2022-02-11,CSI1000,000852.SH,7070.4700000000003
2022-02-14,CSI1000,000852.SH,6999.4399999999996
2022-02-15,CSI1000,000852.SH,7093.9499999999998
2022-02-16,CSI1000,000852.SH,7178.7799999999997
2022-02-17,CSI1000,000852.SH,7247.29
2022-02-18,CSI1000,000852.SH,7222.4200000000001
2022-02-21,CSI1000,000852.SH,7306
2022-02-22,CSI1000,000852.SH,7249.5699999999997
2022-02-23,CSI1000,000852.SH,7441.4399999999996
2022-02-24,CSI1000,000852.SH,7277.8299999999999
2022-02-25,CSI1000,000852.SH,7375.2700000000004
2022-02-28,CSI1000,000852.SH,7417.3900000000003
2022-03-01,CSI1000,000852.SH,7406.5900000000001
2022-03-02,CSI1000,000852.SH,7400.96
2022-03-03,CSI1000,000852.SH,7357.8699999999999
2022-03-04,CSI1000,000852.SH,7263.3900000000003
2022-03-07,CSI1000,000852.SH,7085.5500000000002
2022-03-08,CSI1000,000852.SH,6998.3699999999999
2022-03-09,CSI1000,000852.SH,6629.7399999999998
2022-03-10,CSI1000,000852.SH,6945.0299999999997
2022-03-11,CSI1000,000852.SH,6930.1499999999996
2022-03-14,CSI1000,000852.SH,6869.5799999999999
2022-03-15,CSI1000,000852.SH,6594.2399999999998
2022-03-16,CSI1000,000852.SH,6637.9399999999996
2022-03-17,CSI1000,000852.SH,6831.1000000000004
2022-03-18,CSI1000,000852.SH,6872.2600000000002
2022-03-21,CSI1000,000852.SH,6906.8100000000004
2022-03-22,CSI1000,000852.SH,6926.0900000000001
2022-03-23,CSI1000,000852.SH,6955.0100000000002
2022-03-24,CSI1000,000852.SH,6934.2700000000004
2022-03-25,CSI1000,000852.SH,6852.8900000000003
2022-03-28,CSI1000,000852.SH,6771.96
2022-03-29,CSI1000,000852.SH,6759.0200000000004
2022-03-30,CSI1000,000852.SH,6855.0699999999997
2022-03-31,CSI1000,000852.SH,6762.9499999999998
2022-04-01,CSI1000,000852.SH,6772.0699999999997
2022-04-06,CSI1000,000852.SH,6745.3699999999999
2022-04-07,CSI1000,000852.SH,6663.8599999999997
2022-04-08,CSI1000,000852.SH,6591.8500000000004
2022-04-11,CSI1000,000852.SH,6380.0900000000001
2022-04-12,CSI1000,000852.SH,6373.5500000000002
2022-04-13,CSI1000,000852.SH,6367.1899999999996
2022-04-14,CSI1000,000852.SH,6384.6499999999996
2022-04-15,CSI1000,000852.SH,6319.2200000000003
2022-04-18,CSI1000,000852.SH,6322.9399999999996
2022-04-19,CSI1000,000852.SH,6322.7600000000002
2022-04-20,CSI1000,000852.SH,6253.04
2022-04-21,CSI1000,000852.SH,6026.5100000000002
2022-04-22,CSI1000,000852.SH,5960.5500000000002
2022-04-25,CSI1000,000852.SH,5496.5600000000004
2022-04-26,CSI1000,000852.SH,5363.5900000000001
2022-04-27,CSI1000,000852.SH,5505.2200000000003
2022-04-28,CSI1000,000852.SH,5475.1499999999996
2022-04-29,CSI1000,000852.SH,5730.9099999999999
2022-05-05,CSI1000,000852.SH,5864.3199999999997
2022-05-06,CSI1000,000852.SH,5777.0500000000002
2022-05-09,CSI1000,000852.SH,5815.2299999999996
2022-05-10,CSI1000,000852.SH,5933.7799999999997
2022-05-11,CSI1000,000852.SH,6093.9200000000001
2022-05-12,CSI1000,000852.SH,5983.54
2022-05-13,CSI1000,000852.SH,6050.79
2022-05-16,CSI1000,000852.SH,6094.5500000000002
2022-05-17,CSI1000,000852.SH,6103.4099999999999
2022-05-18,CSI1000,000852.SH,6166.7299999999996
2022-05-19,CSI1000,000852.SH,6144.3400000000001
2022-05-20,CSI1000,000852.SH,6244.1199999999999
2022-05-23,CSI1000,000852.SH,6332.3800000000001
2022-05-24,CSI1000,000852.SH,6194.5900000000001
2022-05-25,CSI1000,000852.SH,6169.8299999999999
2022-05-26,CSI1000,000852.SH,6226.3000000000002
2022-05-27,CSI1000,000852.SH,6197.6099999999997
2022-05-30,CSI1000,000852.SH,6242.8800000000001
2022-05-31,CSI1000,000852.SH,6328.3199999999997
2022-06-01,CSI1000,000852.SH,6341.6099999999997
2022-06-02,CSI1000,000852.SH,6439.8699999999999
2022-06-06,CSI1000,000852.SH,6584.25
2022-06-07,CSI1000,000852.SH,6542.1499999999996
2022-06-08,CSI1000,000852.SH,6569.29
2022-06-09,CSI1000,000852.SH,6461.5200000000004
2022-06-10,CSI1000,000852.SH,6626.1099999999997
2022-06-13,CSI1000,000852.SH,6629.3100000000004
2022-06-14,CSI1000,000852.SH,6584.3699999999999
2022-06-15,CSI1000,000852.SH,6745.9399999999996
2022-06-16,CSI1000,000852.SH,6687.21
2022-06-17,CSI1000,000852.SH,6746.5
2022-06-20,CSI1000,000852.SH,6853.8500000000004
2022-06-21,CSI1000,000852.SH,6748.8100000000004
2022-06-22,CSI1000,000852.SH,6761.4099999999999
2022-06-23,CSI1000,000852.SH,6808.7399999999998
2022-06-24,CSI1000,000852.SH,6926.4099999999999
2022-06-27,CSI1000,000852.SH,6990.8900000000003
2022-06-28,CSI1000,000852.SH,7048.9700000000003
2022-06-29,CSI1000,000852.SH,6973.8900000000003
2022-06-30,CSI1000,000852.SH,7009.0500000000002
2022-07-01,CSI1000,000852.SH,6980.9300000000003
2022-07-04,CSI1000,000852.SH,7052.6099999999997
2022-07-05,CSI1000,000852.SH,6954.2600000000002
2022-07-06,CSI1000,000852.SH,6926.8500000000004
2022-07-07,CSI1000,000852.SH,7040.8000000000002
2022-07-08,CSI1000,000852.SH,7007.4399999999996
2022-07-11,CSI1000,000852.SH,6843.3199999999997
2022-07-12,CSI1000,000852.SH,6802.2200000000003
2022-07-13,CSI1000,000852.SH,6838.5500000000002
2022-07-14,CSI1000,000852.SH,6923.6400000000003
2022-07-15,CSI1000,000852.SH,6916.71
2022-07-18,CSI1000,000852.SH,6945.3199999999997
2022-07-19,CSI1000,000852.SH,7000.5900000000001
2022-07-20,CSI1000,000852.SH,7092.4799999999996
2022-07-21,CSI1000,000852.SH,7114.21
2022-07-22,CSI1000,000852.SH,6991.0100000000002
2022-07-25,CSI1000,000852.SH,6941.1400000000003
2022-07-26,CSI1000,000852.SH,7000.1899999999996
2022-07-27,CSI1000,000852.SH,7090.04
2022-07-28,CSI1000,000852.SH,7161.6499999999996
2022-07-29,CSI1000,000852.SH,7144.0200000000004
2022-08-01,CSI1000,000852.SH,7170.5500000000002
2022-08-02,CSI1000,000852.SH,7000.21
2022-08-03,CSI1000,000852.SH,7031.5
2022-08-04,CSI1000,000852.SH,6894.2399999999998
2022-08-05,CSI1000,000852.SH,7046.8999999999996
2022-08-08,CSI1000,000852.SH,7148.4300000000003
2022-08-09,CSI1000,000852.SH,7174
2022-08-10,CSI1000,000852.SH,7209.8999999999996
2022-08-11,CSI1000,000852.SH,7280.4200000000001
2022-08-12,CSI1000,000852.SH,7252.5500000000002
2022-08-15,CSI1000,000852.SH,7283.5600000000004
2022-08-16,CSI1000,000852.SH,7322.54
2022-08-17,CSI1000,000852.SH,7330.3100000000004
2022-08-18,CSI1000,000852.SH,7345.8900000000003
2022-08-19,CSI1000,000852.SH,7284.3599999999997
2022-08-22,CSI1000,000852.SH,7268.8299999999999
2022-08-23,CSI1000,000852.SH,7289.71
2022-08-24,CSI1000,000852.SH,7082.6899999999996
2022-08-25,CSI1000,000852.SH,6955.3400000000001
2022-08-26,CSI1000,000852.SH,7016
2022-08-29,CSI1000,000852.SH,7014.7200000000003
2022-08-30,CSI1000,000852.SH,6961.9700000000003
2022-08-31,CSI1000,000852.SH,6815.1199999999999
2022-09-01,CSI1000,000852.SH,6747.6700000000001
2022-09-02,CSI1000,000852.SH,6764.7600000000002
2022-09-05,CSI1000,000852.SH,6759.3500000000004
2022-09-06,CSI1000,000852.SH,6887.7600000000002
2022-09-07,CSI1000,000852.SH,6944.6700000000001
2022-09-08,CSI1000,000852.SH,6913.7700000000004
2022-09-09,CSI1000,000852.SH,6910.6700000000001
2022-09-13,CSI1000,000852.SH,6899.6400000000003
2022-09-14,CSI1000,000852.SH,6814.9499999999998
2022-09-15,CSI1000,000852.SH,6569.3900000000003
2022-09-16,CSI1000,000852.SH,6536.1199999999999
2022-09-19,CSI1000,000852.SH,6375.9499999999998
2022-09-20,CSI1000,000852.SH,6484.9799999999996
2022-09-21,CSI1000,000852.SH,6486.2200000000003
2022-09-22,CSI1000,000852.SH,6484.8599999999997
2022-09-23,CSI1000,000852.SH,6385.9799999999996
2022-09-26,CSI1000,000852.SH,6329.4700000000003
2022-09-27,CSI1000,000852.SH,6357.4899999999998
2022-09-28,CSI1000,000852.SH,6268.3000000000002
2022-09-29,CSI1000,000852.SH,6237.4799999999996
2022-09-30,CSI1000,000852.SH,6177.8400000000001
2022-10-10,CSI1000,000852.SH,6014.6899999999996
2022-10-11,CSI1000,000852.SH,6022.5500000000002
2022-10-12,CSI1000,000852.SH,6081.6899999999996
2022-10-13,CSI1000,000852.SH,6284.0200000000004
2022-10-14,CSI1000,000852.SH,6396.3999999999996
2022-10-17,CSI1000,000852.SH,6459.1400000000003
2022-10-18,CSI1000,000852.SH,6511.54
2022-10-19,CSI1000,000852.SH,6486.0600000000004
2022-10-20,CSI1000,000852.SH,6473.5200000000004
2022-10-21,CSI1000,000852.SH,6449.4899999999998
2022-10-24,CSI1000,000852.SH,6385.5
2022-10-25,CSI1000,000852.SH,6363.4899999999998
2022-10-26,CSI1000,000852.SH,6464.3900000000003
2022-10-27,CSI1000,000852.SH,6513.7600000000002
2022-10-28,CSI1000,000852.SH,6310.9899999999998
2022-10-31,CSI1000,000852.SH,6287.0799999999999
2022-11-01,CSI1000,000852.SH,6366.1999999999998
2022-11-02,CSI1000,000852.SH,6555.3400000000001
2022-11-03,CSI1000,000852.SH,6560.1400000000003
2022-11-04,CSI1000,000852.SH,6701.6499999999996
2022-11-07,CSI1000,000852.SH,6685.5699999999997
2022-11-08,CSI1000,000852.SH,6656.71
2022-11-09,CSI1000,000852.SH,6679.5799999999999
2022-11-10,CSI1000,000852.SH,6610.3400000000001
2022-11-11,CSI1000,000852.SH,6720.2399999999998
2022-11-14,CSI1000,000852.SH,6577.8100000000004
2022-11-15,CSI1000,000852.SH,6718.21
2022-11-16,CSI1000,000852.SH,6704.0900000000001
2022-11-17,CSI1000,000852.SH,6649.1400000000003
2022-11-18,CSI1000,000852.SH,6710.9200000000001
2022-11-21,CSI1000,000852.SH,6682.4099999999999
2022-11-22,CSI1000,000852.SH,6598.3500000000004
2022-11-23,CSI1000,000852.SH,6566.4799999999996
2022-11-24,CSI1000,000852.SH,6591.1300000000001
2022-11-25,CSI1000,000852.SH,6522.5299999999997
2022-11-28,CSI1000,000852.SH,6459.2299999999996
2022-11-29,CSI1000,000852.SH,6592.1000000000004
2022-11-30,CSI1000,000852.SH,6582.9899999999998
2022-12-01,CSI1000,000852.SH,6653.5200000000004
2022-12-02,CSI1000,000852.SH,6680.9499999999998
2022-12-05,CSI1000,000852.SH,6696.2600000000002
2022-12-06,CSI1000,000852.SH,6713.4499999999998
2022-12-07,CSI1000,000852.SH,6698.2200000000003
2022-12-08,CSI1000,000852.SH,6672.8400000000001
2022-12-09,CSI1000,000852.SH,6658.0799999999999
2022-12-12,CSI1000,000852.SH,6666.0799999999999
2022-12-13,CSI1000,000852.SH,6610.4399999999996
2022-12-14,CSI1000,000852.SH,6566.8199999999997
2022-12-15,CSI1000,000852.SH,6585.71
2022-12-16,CSI1000,000852.SH,6515.3599999999997
2022-12-19,CSI1000,000852.SH,6391.1999999999998
2022-12-20,CSI1000,000852.SH,6323.2299999999996
2022-12-21,CSI1000,000852.SH,6262.21
2022-12-22,CSI1000,000852.SH,6223.4499999999998
2022-12-23,CSI1000,000852.SH,6153.5500000000002
2022-12-26,CSI1000,000852.SH,6256.1599999999999
2022-12-27,CSI1000,000852.SH,6315.5799999999999
2022-12-28,CSI1000,000852.SH,6260.29
2022-12-29,CSI1000,000852.SH,6274.96
2022-12-30,CSI1000,000852.SH,6280.1999999999998
2023-01-03,CSI1000,000852.SH,6414.4399999999996
2023-01-04,CSI1000,000852.SH,6390.3199999999997
2023-01-05,CSI1000,000852.SH,6485.3599999999997
2023-01-06,CSI1000,000852.SH,6485.4399999999996
2023-01-09,CSI1000,000852.SH,6527.4700000000003
2023-01-10,CSI1000,000852.SH,6538.8100000000004
2023-01-11,CSI1000,000852.SH,6511.6499999999996
2023-01-12,CSI1000,000852.SH,6493.4300000000003
2023-01-13,CSI1000,000852.SH,6478.5200000000004
2023-01-16,CSI1000,000852.SH,6596.8699999999999
2023-01-17,CSI1000,000852.SH,6585.7799999999997
2023-01-18,CSI1000,000852.SH,6622.3199999999997
2023-01-19,CSI1000,000852.SH,6669.71
2023-01-20,CSI1000,000852.SH,6734.6499999999996
2023-01-30,CSI1000,000852.SH,6792.4300000000003
2023-01-31,CSI1000,000852.SH,6801.4499999999998
2023-02-01,CSI1000,000852.SH,6878.04
2023-02-02,CSI1000,000852.SH,6928.6899999999996
2023-02-03,CSI1000,000852.SH,6878.2799999999997
2023-02-06,CSI1000,000852.SH,6891.3800000000001
2023-02-07,CSI1000,000852.SH,6879.9700000000003
2023-02-08,CSI1000,000852.SH,6898.2299999999996
2023-02-09,CSI1000,000852.SH,6976.5299999999997
2023-02-10,CSI1000,000852.SH,6958.6400000000003
2023-02-13,CSI1000,000852.SH,7033.4799999999996
2023-02-14,CSI1000,000852.SH,7048.75
2023-02-15,CSI1000,000852.SH,7064.79
2023-02-16,CSI1000,000852.SH,7052.5
2023-02-17,CSI1000,000852.SH,6893.1899999999996
2023-02-20,CSI1000,000852.SH,6933.4700000000003
2023-02-21,CSI1000,000852.SH,6963.0299999999997
2023-02-22,CSI1000,000852.SH,6982.9399999999996
2023-02-23,CSI1000,000852.SH,6938.6199999999999
2023-02-24,CSI1000,000852.SH,6939.5
2023-02-27,CSI1000,000852.SH,6889.2200000000003
2023-02-28,CSI1000,000852.SH,6902.4200000000001
2023-03-01,CSI1000,000852.SH,6979.4899999999998
2023-03-02,CSI1000,000852.SH,6982.5
2023-03-03,CSI1000,000852.SH,6956.0600000000004
2023-03-06,CSI1000,000852.SH,6997.7399999999998
2023-03-07,CSI1000,000852.SH,6905.9799999999996
2023-03-08,CSI1000,000852.SH,6852.0299999999997
2023-03-09,CSI1000,000852.SH,6900.6499999999996
2023-03-10,CSI1000,000852.SH,6824.7399999999998
2023-03-13,CSI1000,000852.SH,6793.6599999999999
2023-03-14,CSI1000,000852.SH,6774.8000000000002
2023-03-15,CSI1000,000852.SH,6807.6000000000004
2023-03-16,CSI1000,000852.SH,6699.9499999999998
2023-03-17,CSI1000,000852.SH,6764.1999999999998
2023-03-20,CSI1000,000852.SH,6729.1300000000001
2023-03-21,CSI1000,000852.SH,6773.3800000000001
2023-03-22,CSI1000,000852.SH,6827.0299999999997
2023-03-23,CSI1000,000852.SH,6843.7799999999997
2023-03-24,CSI1000,000852.SH,6857.1499999999996
2023-03-27,CSI1000,000852.SH,6886.8999999999996
2023-03-28,CSI1000,000852.SH,6858.0699999999997
2023-03-29,CSI1000,000852.SH,6820.2299999999996
2023-03-30,CSI1000,000852.SH,6813.4300000000003
2023-03-31,CSI1000,000852.SH,6864.46
2023-04-03,CSI1000,000852.SH,6939.4300000000003
2023-04-04,CSI1000,000852.SH,6935.3500000000004
2023-04-06,CSI1000,000852.SH,6967.3699999999999
2023-04-07,CSI1000,000852.SH,7032.1000000000004
2023-04-10,CSI1000,000852.SH,6988.8000000000002
2023-04-11,CSI1000,000852.SH,6945.1899999999996
2023-04-12,CSI1000,000852.SH,7006.75
2023-04-13,CSI1000,000852.SH,6970.4099999999999
2023-04-14,CSI1000,000852.SH,7018.3500000000004
2023-04-17,CSI1000,000852.SH,6993.8299999999999
2023-04-18,CSI1000,000852.SH,7007.5200000000004
2023-04-19,CSI1000,000852.SH,6982.7700000000004
2023-04-20,CSI1000,000852.SH,6938.5600000000004
2023-04-21,CSI1000,000852.SH,6834.8800000000001
2023-04-24,CSI1000,000852.SH,6719.8000000000002
2023-04-25,CSI1000,000852.SH,6564.1599999999999
2023-04-26,CSI1000,000852.SH,6660.1700000000001
2023-04-27,CSI1000,000852.SH,6658.7399999999998
2023-04-28,CSI1000,000852.SH,6701.6800000000003
2023-05-04,CSI1000,000852.SH,6715.7700000000004
2023-05-05,CSI1000,000852.SH,6645.3299999999999
2023-05-08,CSI1000,000852.SH,6707.1899999999996
2023-05-09,CSI1000,000852.SH,6648.7299999999996
2023-05-10,CSI1000,000852.SH,6610.4499999999998
2023-05-11,CSI1000,000852.SH,6634.0799999999999
2023-05-12,CSI1000,000852.SH,6547.25
2023-05-15,CSI1000,000852.SH,6546.6899999999996
2023-05-16,CSI1000,000852.SH,6520.1000000000004
2023-05-17,CSI1000,000852.SH,6528.5799999999999
2023-05-18,CSI1000,000852.SH,6557.5
2023-05-19,CSI1000,000852.SH,6603.9700000000003
2023-05-22,CSI1000,000852.SH,6572.5200000000004
2023-05-23,CSI1000,000852.SH,6571.9200000000001
2023-05-24,CSI1000,000852.SH,6543.0500000000002
2023-05-25,CSI1000,000852.SH,6435.3800000000001
2023-05-26,CSI1000,000852.SH,6533.1899999999996
2023-05-29,CSI1000,000852.SH,6528.5699999999997
2023-05-30,CSI1000,000852.SH,6502.0500000000002
2023-05-31,CSI1000,000852.SH,6561.3999999999996
2023-06-01,CSI1000,000852.SH,6599.8699999999999
2023-06-02,CSI1000,000852.SH,6632.1400000000003
2023-06-05,CSI1000,000852.SH,6626.8400000000001
2023-06-06,CSI1000,000852.SH,6540.9899999999998
2023-06-07,CSI1000,000852.SH,6489.0699999999997
2023-06-08,CSI1000,000852.SH,6450.3800000000001
2023-06-09,CSI1000,000852.SH,6476.6999999999998
2023-06-12,CSI1000,000852.SH,6542.1499999999996
2023-06-13,CSI1000,000852.SH,6550.0500000000002
2023-06-14,CSI1000,000852.SH,6571.46
2023-06-15,CSI1000,000852.SH,6603.1300000000001
2023-06-16,CSI1000,000852.SH,6668.8199999999997
2023-06-19,CSI1000,000852.SH,6695.4300000000003
2023-06-20,CSI1000,000852.SH,6717.2799999999997
2023-06-21,CSI1000,000852.SH,6595.75
2023-06-26,CSI1000,000852.SH,6436.2200000000003
2023-06-27,CSI1000,000852.SH,6510.7700000000004
2023-06-28,CSI1000,000852.SH,6478.1800000000003
2023-06-29,CSI1000,000852.SH,6528.6099999999997
2023-06-30,CSI1000,000852.SH,6608.3400000000001
2023-07-03,CSI1000,000852.SH,6615.1999999999998
2023-07-04,CSI1000,000852.SH,6615.8400000000001
2023-07-05,CSI1000,000852.SH,6602.2299999999996
2023-07-06,CSI1000,000852.SH,6574.1199999999999
2023-07-07,CSI1000,000852.SH,6537.9700000000003
2023-07-10,CSI1000,000852.SH,6512.54
2023-07-11,CSI1000,000852.SH,6557.6099999999997
2023-07-12,CSI1000,000852.SH,6520.9300000000003
2023-07-13,CSI1000,000852.SH,6548.7200000000003
2023-07-14,CSI1000,000852.SH,6555.75
2023-07-17,CSI1000,000852.SH,6496.25
2023-07-18,CSI1000,000852.SH,6518.4499999999998
2023-07-19,CSI1000,000852.SH,6486.7200000000003
2023-07-20,CSI1000,000852.SH,6452.46
2023-07-21,CSI1000,000852.SH,6398.3299999999999
2023-07-24,CSI1000,000852.SH,6395.3800000000001
2023-07-25,CSI1000,000852.SH,6493.75
2023-07-26,CSI1000,000852.SH,6447.6400000000003
2023-07-27,CSI1000,000852.SH,6421.1599999999999
2023-07-28,CSI1000,000852.SH,6459.6199999999999
2023-07-31,CSI1000,000852.SH,6507.9099999999999
2023-08-01,CSI1000,000852.SH,6497.4200000000001
2023-08-02,CSI1000,000852.SH,6489.1499999999996
2023-08-03,CSI1000,000852.SH,6492.0200000000004
2023-08-04,CSI1000,000852.SH,6555.9499999999998
2023-08-07,CSI1000,000852.SH,6495.5900000000001
2023-08-08,CSI1000,000852.SH,6468.5200000000004
2023-08-09,CSI1000,000852.SH,6421.3900000000003
2023-08-10,CSI1000,000852.SH,6405.5799999999999
2023-08-11,CSI1000,000852.SH,6343.1599999999999
2023-08-14,CSI1000,000852.SH,6284.04
2023-08-15,CSI1000,000852.SH,6240.1499999999996
2023-08-16,CSI1000,000852.SH,6207.5200000000004
2023-08-17,CSI1000,000852.SH,6210.71
2023-08-18,CSI1000,000852.SH,6178.1499999999996
2023-08-21,CSI1000,000852.SH,6095.6800000000003
2023-08-22,CSI1000,000852.SH,5996.3400000000001
2023-08-23,CSI1000,000852.SH,6043.9899999999998
2023-08-24,CSI1000,000852.SH,6019.6499999999996
2023-08-25,CSI1000,000852.SH,5923.6800000000003
2023-08-28,CSI1000,000852.SH,5977.54
2023-08-29,CSI1000,000852.SH,6110.1999999999998
2023-08-30,CSI1000,000852.SH,6129.7600000000002
2023-08-31,CSI1000,000852.SH,6113.5600000000004
2023-09-01,CSI1000,000852.SH,6103.2799999999997
2023-09-04,CSI1000,000852.SH,6166.3199999999997
2023-09-05,CSI1000,000852.SH,6169.5
2023-09-06,CSI1000,000852.SH,6192.1999999999998
2023-09-07,CSI1000,000852.SH,6090.7700000000004
2023-09-08,CSI1000,000852.SH,6114.5600000000004
2023-09-11,CSI1000,000852.SH,6186.8500000000004
2023-09-12,CSI1000,000852.SH,6195.3800000000001
2023-09-13,CSI1000,000852.SH,6075.7700000000004
2023-09-14,CSI1000,000852.SH,6044.1099999999997
2023-09-15,CSI1000,000852.SH,6058.9700000000003
2023-09-18,CSI1000,000852.SH,6072.8299999999999
2023-09-19,CSI1000,000852.SH,6024.6000000000004
2023-09-20,CSI1000,000852.SH,5995.4799999999996
2023-09-21,CSI1000,000852.SH,5937.8800000000001
2023-09-22,CSI1000,000852.SH,6019.8199999999997
2023-09-25,CSI1000,000852.SH,6030.5500000000002
2023-09-26,CSI1000,000852.SH,6013.8000000000002
2023-09-27,CSI1000,000852.SH,6047.8400000000001
2023-09-28,CSI1000,000852.SH,6078.2399999999998
2023-10-09,CSI1000,000852.SH,6058.4200000000001
2023-10-10,CSI1000,000852.SH,6042.0600000000004
2023-10-11,CSI1000,000852.SH,6081.6099999999997
2023-10-12,CSI1000,000852.SH,6098.9899999999998
2023-10-13,CSI1000,000852.SH,6070.8299999999999
2023-10-16,CSI1000,000852.SH,6016.25
2023-10-17,CSI1000,000852.SH,6000.2700000000004
2023-10-18,CSI1000,000852.SH,5916.5699999999997
2023-10-19,CSI1000,000852.SH,5858.4399999999996
2023-10-20,CSI1000,000852.SH,5799.0900000000001
2023-10-23,CSI1000,000852.SH,5657.0100000000002
2023-10-24,CSI1000,000852.SH,5696.4499999999998
2023-10-25,CSI1000,000852.SH,5788.9899999999998
2023-10-26,CSI1000,000852.SH,5780.3800000000001
2023-10-27,CSI1000,000852.SH,5916.1000000000004
2023-10-30,CSI1000,000852.SH,6004.3000000000002
2023-10-31,CSI1000,000852.SH,5948.6300000000001
2023-11-01,CSI1000,000852.SH,5958.6099999999997
2023-11-02,CSI1000,000852.SH,5901.71
2023-11-03,CSI1000,000852.SH,5982
2023-11-06,CSI1000,000852.SH,6087.9899999999998
2023-11-07,CSI1000,000852.SH,6113.6000000000004
2023-11-08,CSI1000,000852.SH,6119.1099999999997
2023-11-09,CSI1000,000852.SH,6104.5200000000004
2023-11-10,CSI1000,000852.SH,6085.7600000000002
2023-11-13,CSI1000,000852.SH,6135.7299999999996
2023-11-14,CSI1000,000852.SH,6164.0500000000002
2023-11-15,CSI1000,000852.SH,6197.2700000000004
2023-11-16,CSI1000,000852.SH,6168.1000000000004
2023-11-17,CSI1000,000852.SH,6175.1099999999997
2023-11-20,CSI1000,000852.SH,6245.71
2023-11-21,CSI1000,000852.SH,6242.3100000000004
2023-11-22,CSI1000,000852.SH,6167.8699999999999
2023-11-23,CSI1000,000852.SH,6178.9200000000001
2023-11-24,CSI1000,000852.SH,6115.1700000000001
2023-11-27,CSI1000,000852.SH,6108.9200000000001
2023-11-28,CSI1000,000852.SH,6109.1199999999999
2023-11-29,CSI1000,000852.SH,6129.2600000000002
2023-11-30,CSI1000,000852.SH,6037.46
2023-12-01,CSI1000,000852.SH,6135.1000000000004
2023-12-04,CSI1000,000852.SH,6130.4099999999999
2023-12-05,CSI1000,000852.SH,6044
2023-12-06,CSI1000,000852.SH,6032.8599999999997
2023-12-07,CSI1000,000852.SH,6032.4700000000003
2023-12-08,CSI1000,000852.SH,6017.6099999999997
2023-12-11,CSI1000,000852.SH,6024.8100000000004
2023-12-12,CSI1000,000852.SH,6064.3800000000001
2023-12-13,CSI1000,000852.SH,6053.5299999999997
2023-12-14,CSI1000,000852.SH,6006
2023-12-15,CSI1000,000852.SH,5952.2200000000003
2023-12-18,CSI1000,000852.SH,5869.9099999999999
2023-12-19,CSI1000,000852.SH,5849.2700000000004
2023-12-20,CSI1000,000852.SH,5786.5699999999997
2023-12-21,CSI1000,000852.SH,5799.6000000000004
2023-12-22,CSI1000,000852.SH,5748.3900000000003
2023-12-25,CSI1000,000852.SH,5723.79
2023-12-26,CSI1000,000852.SH,5680.5
2023-12-27,CSI1000,000852.SH,5677.7200000000003
2023-12-28,CSI1000,000852.SH,5810.9200000000001
2023-12-29,CSI1000,000852.SH,5877.6499999999996
2024-01-02,CSI1000,000852.SH,5881.7200000000003
2024-01-03,CSI1000,000852.SH,5790.1800000000003
2024-01-04,CSI1000,000852.SH,5766.0100000000002
2024-01-05,CSI1000,000852.SH,5694.6999999999998
2024-01-08,CSI1000,000852.SH,5565
2024-01-09,CSI1000,000852.SH,5516.5200000000004
2024-01-10,CSI1000,000852.SH,5547.8000000000002
2024-01-11,CSI1000,000852.SH,5623.6499999999996
2024-01-12,CSI1000,000852.SH,5585.0500000000002
2024-01-15,CSI1000,000852.SH,5563.71
2024-01-16,CSI1000,000852.SH,5468.8199999999997
2024-01-17,CSI1000,000852.SH,5454.5100000000002
2024-01-18,CSI1000,000852.SH,5242.5200000000004
2024-01-19,CSI1000,000852.SH,5321.8000000000002
2024-01-22,CSI1000,000852.SH,5112.0500000000002
2024-01-23,CSI1000,000852.SH,5065.21
2024-01-24,CSI1000,000852.SH,5040.1099999999997
2024-01-25,CSI1000,000852.SH,5295.5299999999997
2024-01-26,CSI1000,000852.SH,5317.7600000000002
2024-01-29,CSI1000,000852.SH,5145.71
2024-01-30,CSI1000,000852.SH,5067.5900000000001
2024-01-31,CSI1000,000852.SH,4855.8800000000001
2024-02-01,CSI1000,000852.SH,4758.4300000000003
2024-02-02,CSI1000,000852.SH,4538.1800000000003
2024-02-05,CSI1000,000852.SH,4477.9399999999996
2024-02-06,CSI1000,000852.SH,4582.1800000000003
2024-02-07,CSI1000,000852.SH,4753.0600000000004
2024-02-08,CSI1000,000852.SH,4967.2600000000002
2024-02-19,CSI1000,000852.SH,4971.4799999999996
2024-02-20,CSI1000,000852.SH,5025.1800000000003
2024-02-21,CSI1000,000852.SH,5158.4399999999996
2024-02-22,CSI1000,000852.SH,5120.6499999999996
2024-02-23,CSI1000,000852.SH,5191.3299999999999
2024-02-26,CSI1000,000852.SH,5301.96
2024-02-27,CSI1000,000852.SH,5337.8500000000004
2024-02-28,CSI1000,000852.SH,5286.21
2024-02-29,CSI1000,000852.SH,5282.1400000000003
2024-03-01,CSI1000,000852.SH,5367.4200000000001
2024-03-04,CSI1000,000852.SH,5399.8599999999997
2024-03-05,CSI1000,000852.SH,5389.3500000000004
2024-03-06,CSI1000,000852.SH,5400.6099999999997
2024-03-07,CSI1000,000852.SH,5329.1499999999996
2024-03-08,CSI1000,000852.SH,5337.9200000000001
2024-03-11,CSI1000,000852.SH,5416.7799999999997
2024-03-12,CSI1000,000852.SH,5495.9700000000003
2024-03-13,CSI1000,000852.SH,5554.0299999999997
2024-03-14,CSI1000,000852.SH,5471.5600000000004
2024-03-15,CSI1000,000852.SH,5515.7700000000004
2024-03-18,CSI1000,000852.SH,5616.2200000000003
2024-03-19,CSI1000,000852.SH,5641.6499999999996
2024-03-20,CSI1000,000852.SH,5638.96
2024-03-21,CSI1000,000852.SH,5674.1999999999998
2024-03-22,CSI1000,000852.SH,5599.9799999999996
2024-03-25,CSI1000,000852.SH,5560.3900000000003
2024-03-26,CSI1000,000852.SH,5443.7299999999996
2024-03-27,CSI1000,000852.SH,5356.79
2024-03-28,CSI1000,000852.SH,5402.25
2024-03-29,CSI1000,000852.SH,5395.4200000000001
2024-04-01,CSI1000,000852.SH,5529.75
2024-04-02,CSI1000,000852.SH,5533.1400000000003
2024-04-03,CSI1000,000852.SH,5499.5900000000001
2024-04-08,CSI1000,000852.SH,5424.0699999999997
2024-04-09,CSI1000,000852.SH,5439.6499999999996
2024-04-10,CSI1000,000852.SH,5335.8299999999999
2024-04-11,CSI1000,000852.SH,5416.4399999999996
2024-04-12,CSI1000,000852.SH,5384.6599999999999
2024-04-15,CSI1000,000852.SH,5281.6599999999999
2024-04-16,CSI1000,000852.SH,5147.7399999999998
2024-04-17,CSI1000,000852.SH,5235.8999999999996
2024-04-18,CSI1000,000852.SH,5316.3900000000003
2024-04-19,CSI1000,000852.SH,5243.79
2024-04-22,CSI1000,000852.SH,5263.3400000000001
2024-04-23,CSI1000,000852.SH,5217.1599999999999
2024-04-24,CSI1000,000852.SH,5278.3199999999997
2024-04-25,CSI1000,000852.SH,5319.8500000000004
2024-04-26,CSI1000,000852.SH,5385.5600000000004
2024-04-29,CSI1000,000852.SH,5527.0900000000001
2024-04-30,CSI1000,000852.SH,5517
2024-05-06,CSI1000,000852.SH,5599.3299999999999
2024-05-07,CSI1000,000852.SH,5627.6000000000004
2024-05-08,CSI1000,000852.SH,5551.4300000000003
2024-05-09,CSI1000,000852.SH,5626.4200000000001
2024-05-10,CSI1000,000852.SH,5583.2399999999998
2024-05-13,CSI1000,000852.SH,5530.71
2024-05-14,CSI1000,000852.SH,5553.1700000000001
2024-05-15,CSI1000,000852.SH,5516.79
2024-05-16,CSI1000,000852.SH,5515.4799999999996
2024-05-17,CSI1000,000852.SH,5514.6199999999999
2024-05-20,CSI1000,000852.SH,5591.4399999999996
2024-05-21,CSI1000,000852.SH,5534.6300000000001
2024-05-22,CSI1000,000852.SH,5538.5100000000002
2024-05-23,CSI1000,000852.SH,5402.6199999999999
2024-05-24,CSI1000,000852.SH,5379.5500000000002
2024-05-27,CSI1000,000852.SH,5340.8299999999999
2024-05-28,CSI1000,000852.SH,5365.4399999999996
2024-05-29,CSI1000,000852.SH,5338.7600000000002
2024-05-30,CSI1000,000852.SH,5342.6700000000001
2024-05-31,CSI1000,000852.SH,5370.8199999999997
2024-06-03,CSI1000,000852.SH,5270.4499999999998
2024-06-04,CSI1000,000852.SH,5264.4200000000001
2024-06-05,CSI1000,000852.SH,5288
2024-06-06,CSI1000,000852.SH,5136.1999999999998
2024-06-07,CSI1000,000852.SH,5134.6099999999997
2024-06-11,CSI1000,000852.SH,5170.9700000000003
2024-06-12,CSI1000,000852.SH,5222.4799999999996
2024-06-13,CSI1000,000852.SH,5195.0699999999997
2024-06-14,CSI1000,000852.SH,5170.8000000000002
2024-06-17,CSI1000,000852.SH,5186.7200000000003
2024-06-18,CSI1000,000852.SH,5206.2700000000004
2024-06-19,CSI1000,000852.SH,5188.5
2024-06-20,CSI1000,000852.SH,5086.3500000000004
2024-06-21,CSI1000,000852.SH,5071.3500000000004
2024-06-24,CSI1000,000852.SH,4929.4099999999999
2024-06-25,CSI1000,000852.SH,4844.7700000000004
2024-06-26,CSI1000,000852.SH,4926.96
2024-06-27,CSI1000,000852.SH,4888.0299999999997
2024-06-28,CSI1000,000852.SH,4915.7399999999998
2024-07-01,CSI1000,000852.SH,4931.71
2024-07-02,CSI1000,000852.SH,4912.8000000000002
2024-07-03,CSI1000,000852.SH,4878.8500000000004
2024-07-04,CSI1000,000852.SH,4780.6099999999997
2024-07-05,CSI1000,000852.SH,4811
2024-07-08,CSI1000,000852.SH,4700
2024-07-09,CSI1000,000852.SH,4791.9499999999998
2024-07-10,CSI1000,000852.SH,4786.0799999999999
2024-07-11,CSI1000,000852.SH,4885.4499999999998
2024-07-12,CSI1000,000852.SH,4887.6599999999999
2024-07-15,CSI1000,000852.SH,4829.96
2024-07-16,CSI1000,000852.SH,4833.2399999999998
2024-07-17,CSI1000,000852.SH,4816.7799999999997
2024-07-18,CSI1000,000852.SH,4806.4899999999998
2024-07-19,CSI1000,000852.SH,4819.1700000000001
2024-07-22,CSI1000,000852.SH,4801.3400000000001
2024-07-23,CSI1000,000852.SH,4755.1800000000003
2024-07-24,CSI1000,000852.SH,4658.8999999999996
2024-07-25,CSI1000,000852.SH,4641.7600000000002
2024-07-26,CSI1000,000852.SH,4694.2799999999997
2024-07-29,CSI1000,000852.SH,4681.6700000000001
2024-07-30,CSI1000,000852.SH,4694.2299999999996
2024-07-31,CSI1000,000852.SH,4876.6700000000001
2024-08-01,CSI1000,000852.SH,4894.9700000000003
2024-08-02,CSI1000,000852.SH,4826.3400000000001
2024-08-05,CSI1000,000852.SH,4689.2299999999996
2024-08-06,CSI1000,000852.SH,4701.7399999999998
2024-08-07,CSI1000,000852.SH,4753.7700000000004
2024-08-08,CSI1000,000852.SH,4745.4399999999996
2024-08-09,CSI1000,000852.SH,4718.9499999999998
2024-08-12,CSI1000,000852.SH,4670.8599999999997
2024-08-13,CSI1000,000852.SH,4662.7600000000002
2024-08-14,CSI1000,000852.SH,4659.7399999999998
2024-08-15,CSI1000,000852.SH,4682.4399999999996
2024-08-16,CSI1000,000852.SH,4670.8100000000004
2024-08-19,CSI1000,000852.SH,4665.4300000000003
2024-08-20,CSI1000,000852.SH,4579.3500000000004
2024-08-21,CSI1000,000852.SH,4549.79
2024-08-22,CSI1000,000852.SH,4499.1700000000001
2024-08-23,CSI1000,000852.SH,4484.8599999999997
2024-08-26,CSI1000,000852.SH,4498.8299999999999
2024-08-27,CSI1000,000852.SH,4455.6899999999996
2024-08-28,CSI1000,000852.SH,4473.6499999999996
2024-08-29,CSI1000,000852.SH,4546.6899999999996
2024-08-30,CSI1000,000852.SH,4676.8100000000004
2024-09-02,CSI1000,000852.SH,4563.1199999999999
2024-09-03,CSI1000,000852.SH,4565.71
2024-09-04,CSI1000,000852.SH,4559.3500000000004
2024-09-05,CSI1000,000852.SH,4572.3299999999999
2024-09-06,CSI1000,000852.SH,4521.3000000000002
2024-09-09,CSI1000,000852.SH,4465.8500000000004
2024-09-10,CSI1000,000852.SH,4454.7700000000004
2024-09-11,CSI1000,000852.SH,4469.8900000000003
2024-09-12,CSI1000,000852.SH,4495.4300000000003
2024-09-13,CSI1000,000852.SH,4431.0799999999999
2024-09-18,CSI1000,000852.SH,4410.4899999999998
2024-09-19,CSI1000,000852.SH,4475.3199999999997
2024-09-20,CSI1000,000852.SH,4435.4799999999996
2024-09-23,CSI1000,000852.SH,4470.8000000000002
2024-09-24,CSI1000,000852.SH,4621.9399999999996
2024-09-25,CSI1000,000852.SH,4699.2799999999997
2024-09-26,CSI1000,000852.SH,4808.3999999999996
2024-09-27,CSI1000,000852.SH,5093
2024-09-30,CSI1000,000852.SH,5708.6899999999996
2024-10-08,CSI1000,000852.SH,6032.6599999999999
2024-10-09,CSI1000,000852.SH,5941.2799999999997
2024-10-10,CSI1000,000852.SH,5742.0200000000004
2024-10-11,CSI1000,000852.SH,5428.5600000000004
2024-10-14,CSI1000,000852.SH,5586.4399999999996
2024-10-15,CSI1000,000852.SH,5597.4399999999996
2024-10-16,CSI1000,000852.SH,5516.5299999999997
2024-10-17,CSI1000,000852.SH,5581.9300000000003
2024-10-18,CSI1000,000852.SH,5772.54
2024-10-21,CSI1000,000852.SH,5836.1899999999996
2024-10-22,CSI1000,000852.SH,5852.6099999999997
2024-10-23,CSI1000,000852.SH,5931.3699999999999
2024-10-24,CSI1000,000852.SH,5839.8900000000003
2024-10-25,CSI1000,000852.SH,5977.9399999999996
2024-10-28,CSI1000,000852.SH,6052.4700000000003
2024-10-29,CSI1000,000852.SH,6008.4799999999996
2024-10-30,CSI1000,000852.SH,5976.1800000000003
2024-10-31,CSI1000,000852.SH,6123.9399999999996
2024-11-01,CSI1000,000852.SH,5980.7399999999998
2024-11-04,CSI1000,000852.SH,6002.1000000000004
2024-11-05,CSI1000,000852.SH,6254.5699999999997
2024-11-06,CSI1000,000852.SH,6346.96
2024-11-07,CSI1000,000852.SH,6374.1800000000003
2024-11-08,CSI1000,000852.SH,6450.8599999999997
2024-11-11,CSI1000,000852.SH,6535.3599999999997
2024-11-12,CSI1000,000852.SH,6526.3100000000004
2024-11-13,CSI1000,000852.SH,6433.5799999999999
2024-11-14,CSI1000,000852.SH,6347.3599999999997
2024-11-15,CSI1000,000852.SH,6221.1300000000001
2024-11-18,CSI1000,000852.SH,5994.8999999999996
2024-11-19,CSI1000,000852.SH,6002.5699999999997
2024-11-20,CSI1000,000852.SH,6220.8999999999996
2024-11-21,CSI1000,000852.SH,6254.6599999999999
2024-11-22,CSI1000,000852.SH,6150.8900000000003
2024-11-25,CSI1000,000852.SH,5958.1099999999997
2024-11-26,CSI1000,000852.SH,5997.9399999999996
2024-11-27,CSI1000,000852.SH,5973.1099999999997
2024-11-28,CSI1000,000852.SH,6143.5699999999997
2024-11-29,CSI1000,000852.SH,6214.0600000000004
2024-12-02,CSI1000,000852.SH,6312.7399999999998
2024-12-03,CSI1000,000852.SH,6275.0299999999997
2024-12-04,CSI1000,000852.SH,6245.0900000000001
2024-12-05,CSI1000,000852.SH,6280.6000000000004
2024-12-06,CSI1000,000852.SH,6353.3999999999996
2024-12-09,CSI1000,000852.SH,6277
2024-12-10,CSI1000,000852.SH,6414.6099999999997
2024-12-11,CSI1000,000852.SH,6443.9499999999998
2024-12-12,CSI1000,000852.SH,6460.1099999999997
2024-12-13,CSI1000,000852.SH,6421.2299999999996
2024-12-16,CSI1000,000852.SH,6295.0900000000001
2024-12-17,CSI1000,000852.SH,6168.1899999999996
2024-12-18,CSI1000,000852.SH,6211.3999999999996
2024-12-19,CSI1000,000852.SH,6195.8400000000001
2024-12-20,CSI1000,000852.SH,6274.1099999999997
2024-12-23,CSI1000,000852.SH,6122.8900000000003
2024-12-24,CSI1000,000852.SH,6127.1099999999997
2024-12-25,CSI1000,000852.SH,6110.5500000000002
2024-12-26,CSI1000,000852.SH,6152.6000000000004
2024-12-27,CSI1000,000852.SH,6194.7700000000004
2024-12-30,CSI1000,000852.SH,6135.7200000000003
2024-12-31,CSI1000,000852.SH,6009.2700000000004
2025-01-02,CSI1000,000852.SH,5866.5600000000004
2025-01-03,CSI1000,000852.SH,5674.2299999999996
2025-01-06,CSI1000,000852.SH,5589.6099999999997
2025-01-07,CSI1000,000852.SH,5625.3999999999996
2025-01-08,CSI1000,000852.SH,5651.3800000000001
2025-01-09,CSI1000,000852.SH,5674.3100000000004
2025-01-10,CSI1000,000852.SH,5613.3100000000004
2025-01-13,CSI1000,000852.SH,5571.6599999999999
2025-01-14,CSI1000,000852.SH,5785.6000000000004
2025-01-15,CSI1000,000852.SH,5783.2700000000004
2025-01-16,CSI1000,000852.SH,5783.3500000000004
2025-01-17,CSI1000,000852.SH,5855.7600000000002
2025-01-20,CSI1000,000852.SH,5890.4099999999999
2025-01-21,CSI1000,000852.SH,5880.54
2025-01-22,CSI1000,000852.SH,5853.4099999999999
2025-01-23,CSI1000,000852.SH,5852.5
2025-01-24,CSI1000,000852.SH,5911.8699999999999
2025-01-27,CSI1000,000852.SH,5863.6800000000003
2025-02-05,CSI1000,000852.SH,5862.2200000000003
2025-02-06,CSI1000,000852.SH,6024.1800000000003
2025-02-07,CSI1000,000852.SH,6135.4300000000003
2025-02-10,CSI1000,000852.SH,6185.6199999999999
2025-02-11,CSI1000,000852.SH,6195.3199999999997
2025-02-12,CSI1000,000852.SH,6243.7799999999997
2025-02-13,CSI1000,000852.SH,6260.9899999999998
2025-02-14,CSI1000,000852.SH,6223.9399999999996
2025-02-17,CSI1000,000852.SH,6241.1599999999999
2025-02-18,CSI1000,000852.SH,6170.6099999999997
2025-02-19,CSI1000,000852.SH,6252.4499999999998
2025-02-20,CSI1000,000852.SH,6333.1700000000001
2025-02-21,CSI1000,000852.SH,6424.2700000000004
2025-02-24,CSI1000,000852.SH,6437.6599999999999
2025-02-25,CSI1000,000852.SH,6466.0500000000002
2025-02-26,CSI1000,000852.SH,6509.3999999999996
2025-02-27,CSI1000,000852.SH,6453.2600000000002
2025-02-28,CSI1000,000852.SH,6336.7700000000004
2025-03-03,CSI1000,000852.SH,6300.25
2025-03-04,CSI1000,000852.SH,6339.6999999999998
2025-03-05,CSI1000,000852.SH,6377.2200000000003
2025-03-06,CSI1000,000852.SH,6524.6099999999997
2025-03-07,CSI1000,000852.SH,6523.9700000000003
2025-03-10,CSI1000,000852.SH,6499.3000000000002
2025-03-11,CSI1000,000852.SH,6489.3800000000001
2025-03-12,CSI1000,000852.SH,6609.9499999999998
2025-03-13,CSI1000,000852.SH,6413.5500000000002
2025-03-14,CSI1000,000852.SH,6572.3000000000002
2025-03-17,CSI1000,000852.SH,6584.6400000000003
2025-03-18,CSI1000,000852.SH,6602.6300000000001
2025-03-19,CSI1000,000852.SH,6559.1599999999999
2025-03-20,CSI1000,000852.SH,6562.1199999999999
2025-03-21,CSI1000,000852.SH,6405.6199999999999
2025-03-24,CSI1000,000852.SH,6281.5900000000001
2025-03-25,CSI1000,000852.SH,6319.7700000000004
2025-03-26,CSI1000,000852.SH,6339.5100000000002
2025-03-27,CSI1000,000852.SH,6337.5600000000004
2025-03-28,CSI1000,000852.SH,6295.3400000000001
2025-03-31,CSI1000,000852.SH,6173.6499999999996
2025-04-01,CSI1000,000852.SH,6259.8299999999999
2025-04-02,CSI1000,000852.SH,6277.8400000000001
2025-04-03,CSI1000,000852.SH,6212.8599999999997
2025-04-07,CSI1000,000852.SH,5504.3699999999999
2025-04-08,CSI1000,000852.SH,5461.9399999999996
2025-04-09,CSI1000,000852.SH,5639.1599999999999
2025-04-10,CSI1000,000852.SH,5800.6199999999999
2025-04-11,CSI1000,000852.SH,5898.4099999999999
2025-04-14,CSI1000,000852.SH,5931.8699999999999
2025-04-15,CSI1000,000852.SH,5902.6000000000004
2025-04-16,CSI1000,000852.SH,5804.1400000000003
2025-04-17,CSI1000,000852.SH,5863.7200000000003
2025-04-18,CSI1000,000852.SH,5853.1599999999999
2025-04-21,CSI1000,000852.SH,5942.4300000000003
2025-04-22,CSI1000,000852.SH,5957.1899999999996
2025-04-23,CSI1000,000852.SH,5994.3500000000004
2025-04-24,CSI1000,000852.SH,5929.1899999999996
2025-04-25,CSI1000,000852.SH,5955.7600000000002
2025-04-28,CSI1000,000852.SH,5882.5600000000004
2025-04-29,CSI1000,000852.SH,5897.6000000000004
2025-04-30,CSI1000,000852.SH,5968.1999999999998
2025-05-06,CSI1000,000852.SH,6084.9499999999998
2025-05-07,CSI1000,000852.SH,6083.4200000000001
2025-05-08,CSI1000,000852.SH,6153.6300000000001
2025-05-09,CSI1000,000852.SH,6107.4899999999998
2025-05-12,CSI1000,000852.SH,6139.9300000000003
2025-05-13,CSI1000,000852.SH,6163.1400000000003
2025-05-14,CSI1000,000852.SH,6161.5299999999997
2025-05-15,CSI1000,000852.SH,6065.2299999999996
2025-05-16,CSI1000,000852.SH,6083.29
2025-05-19,CSI1000,000852.SH,6084.9499999999998
2025-05-20,CSI1000,000852.SH,6141.5299999999997
2025-05-21,CSI1000,000852.SH,6135.3800000000001
2025-05-22,CSI1000,000852.SH,6095.3500000000004
2025-05-23,CSI1000,000852.SH,6054.7799999999997
2025-05-26,CSI1000,000852.SH,6016
2025-05-27,CSI1000,000852.SH,5993.9099999999999
2025-05-28,CSI1000,000852.SH,5988.4099999999999
2025-05-29,CSI1000,000852.SH,6086.3199999999997
2025-05-30,CSI1000,000852.SH,6031.1400000000003
2025-06-03,CSI1000,000852.SH,6070.4899999999998
2025-06-04,CSI1000,000852.SH,6117.1499999999996
2025-06-05,CSI1000,000852.SH,6142.8999999999996
2025-06-06,CSI1000,000852.SH,6146.9399999999996
2025-06-09,CSI1000,000852.SH,6208.1700000000001
2025-06-10,CSI1000,000852.SH,6144.4200000000001
2025-06-11,CSI1000,000852.SH,6192.21
2025-06-12,CSI1000,000852.SH,6180.9300000000003
2025-06-13,CSI1000,000852.SH,6115.1999999999998
2025-06-16,CSI1000,000852.SH,6134.8299999999999
2025-06-17,CSI1000,000852.SH,6131.0799999999999
2025-06-18,CSI1000,000852.SH,6129.29
2025-06-19,CSI1000,000852.SH,6056.8000000000002
2025-06-20,CSI1000,000852.SH,6015.6099999999997
2025-06-23,CSI1000,000852.SH,6067.0299999999997
2025-06-24,CSI1000,000852.SH,6183.3800000000001
2025-06-25,CSI1000,000852.SH,6245.9499999999998
2025-06-26,CSI1000,000852.SH,6255.8800000000001
2025-06-27,CSI1000,000852.SH,6281.5900000000001
2025-06-30,CSI1000,000852.SH,6336.71
2025-07-01,CSI1000,000852.SH,6369.7200000000003
2025-07-02,CSI1000,000852.SH,6290.1599999999999
2025-07-03,CSI1000,000852.SH,6346.3800000000001
2025-07-04,CSI1000,000852.SH,6341.21
2025-07-07,CSI1000,000852.SH,6324.9799999999996
2025-07-08,CSI1000,000852.SH,6402.1099999999997
2025-07-09,CSI1000,000852.SH,6413.8500000000004
2025-07-10,CSI1000,000852.SH,6409.5100000000002
2025-07-11,CSI1000,000852.SH,6472.0100000000002
2025-07-14,CSI1000,000852.SH,6458.5799999999999
2025-07-15,CSI1000,000852.SH,6413.3000000000002
2025-07-16,CSI1000,000852.SH,6457
2025-07-17,CSI1000,000852.SH,6524.6999999999998
2025-07-18,CSI1000,000852.SH,6524.3800000000001
2025-07-21,CSI1000,000852.SH,6597.4300000000003
2025-07-22,CSI1000,000852.SH,6615.4700000000003
2025-07-23,CSI1000,000852.SH,6642.0600000000004
2025-07-24,CSI1000,000852.SH,6666.21
2025-07-25,CSI1000,000852.SH,6705.3199999999997
2025-07-28,CSI1000,000852.SH,6725.3800000000001
2025-07-29,CSI1000,000852.SH,6728.7600000000002
2025-07-30,CSI1000,000852.SH,6693.0600000000004
2025-07-31,CSI1000,000852.SH,6705.8699999999999
2025-08-01,CSI1000,000852.SH,6650.1000000000004
2025-08-04,CSI1000,000852.SH,6696.3100000000004
2025-08-05,CSI1000,000852.SH,6766.1499999999996
2025-08-06,CSI1000,000852.SH,6849.2399999999998
2025-08-07,CSI1000,000852.SH,6858.0799999999999
2025-08-08,CSI1000,000852.SH,6833.6300000000001
2025-08-11,CSI1000,000852.SH,6951.3900000000003
2025-08-12,CSI1000,000852.SH,6951.9899999999998
2025-08-13,CSI1000,000852.SH,7056.7299999999996
2025-08-14,CSI1000,000852.SH,7004.7799999999997
2025-08-15,CSI1000,000852.SH,7102.7600000000002
2025-08-18,CSI1000,000852.SH,7225.8000000000002
2025-08-19,CSI1000,000852.SH,7227.5299999999997
2025-08-20,CSI1000,000852.SH,7237.9799999999996
2025-08-21,CSI1000,000852.SH,7270.3699999999999
2025-08-22,CSI1000,000852.SH,7322.3999999999996
2025-08-25,CSI1000,000852.SH,7435.75
2025-08-26,CSI1000,000852.SH,7521.9700000000003
2025-08-27,CSI1000,000852.SH,7461.75
2025-08-28,CSI1000,000852.SH,7302.8500000000004
2025-08-29,CSI1000,000852.SH,7430.6599999999999
2025-09-01,CSI1000,000852.SH,7487.6999999999998
2025-09-02,CSI1000,000852.SH,7321.3400000000001
2025-09-03,CSI1000,000852.SH,7236.6800000000003
2025-09-04,CSI1000,000852.SH,7075.6999999999998
2025-09-05,CSI1000,000852.SH,7194.8800000000001
2025-09-08,CSI1000,000852.SH,7296.9700000000003
2025-09-09,CSI1000,000852.SH,7208.2700000000004
2025-09-10,CSI1000,000852.SH,7237.6099999999997
2025-09-11,CSI1000,000852.SH,7362.5500000000002
2025-09-12,CSI1000,000852.SH,7455.5799999999999
2025-09-15,CSI1000,000852.SH,7445.5299999999997
2025-09-16,CSI1000,000852.SH,7476.3400000000001
2025-09-17,CSI1000,000852.SH,7562.1700000000001
2025-09-18,CSI1000,000852.SH,7543.1599999999999
2025-09-19,CSI1000,000852.SH,7422.7399999999998
2025-09-22,CSI1000,000852.SH,7441.3199999999997
2025-09-23,CSI1000,000852.SH,7307.4700000000003
2025-09-24,CSI1000,000852.SH,7513.8299999999999
2025-09-25,CSI1000,000852.SH,7524.6800000000003
2025-09-26,CSI1000,000852.SH,7425.9499999999998
2025-09-29,CSI1000,000852.SH,7502.6800000000003
2025-09-30,CSI1000,000852.SH,7563.3900000000003
2025-10-09,CSI1000,000852.SH,7657.0699999999997
2025-10-10,CSI1000,000852.SH,7570.7399999999998
2025-10-13,CSI1000,000852.SH,7486.4300000000003
2025-10-14,CSI1000,000852.SH,7409.1300000000001
2025-10-15,CSI1000,000852.SH,7440.5
2025-10-16,CSI1000,000852.SH,7397.3900000000003
2025-10-17,CSI1000,000852.SH,7242.3999999999996
2025-10-20,CSI1000,000852.SH,7226.2200000000003
2025-10-21,CSI1000,000852.SH,7330.9300000000003
2025-10-22,CSI1000,000852.SH,7314.9099999999999
2025-10-23,CSI1000,000852.SH,7218.2299999999996
2025-10-24,CSI1000,000852.SH,7403.6400000000003
2025-10-27,CSI1000,000852.SH,7469.6099999999997
2025-10-28,CSI1000,000852.SH,7480.7299999999996
2025-10-29,CSI1000,000852.SH,7524.1099999999997
2025-10-30,CSI1000,000852.SH,7543.1099999999997
2025-10-31,CSI1000,000852.SH,7513.2700000000004
2025-11-03,CSI1000,000852.SH,7526.8999999999996
2025-11-04,CSI1000,000852.SH,7429.7299999999996
2025-11-05,CSI1000,000852.SH,7466.8599999999997
2025-11-06,CSI1000,000852.SH,7540.5
2025-11-07,CSI1000,000852.SH,7545.9499999999998
2025-11-10,CSI1000,000852.SH,7523.6000000000004
2025-11-11,CSI1000,000852.SH,7536.5200000000004
2025-11-12,CSI1000,000852.SH,7469.2600000000002
2025-11-13,CSI1000,000852.SH,7566.75
2025-11-14,CSI1000,000852.SH,7561.7399999999998
2025-11-17,CSI1000,000852.SH,7503.2299999999996
2025-11-18,CSI1000,000852.SH,7443.4899999999998
2025-11-19,CSI1000,000852.SH,7386.75
2025-11-20,CSI1000,000852.SH,7350.3999999999996
2025-11-21,CSI1000,000852.SH,7126.54
2025-11-24,CSI1000,000852.SH,7170.96
2025-11-25,CSI1000,000852.SH,7274.54
2025-11-26,CSI1000,000852.SH,7258.96
2025-11-27,CSI1000,000852.SH,7299.1800000000003
2025-11-28,CSI1000,000852.SH,7313.54
2025-12-01,CSI1000,000852.SH,7365.9399999999996
2025-12-02,CSI1000,000852.SH,7312.5600000000004
2025-12-03,CSI1000,000852.SH,7239.5699999999997
2025-12-04,CSI1000,000852.SH,7240.5
2025-12-05,CSI1000,000852.SH,7335.4799999999996
2025-12-08,CSI1000,000852.SH,7425.7399999999998
2025-12-09,CSI1000,000852.SH,7379.5799999999999
2025-12-10,CSI1000,000852.SH,7369.9200000000001
2025-12-11,CSI1000,000852.SH,7354.5900000000001
2025-12-12,CSI1000,000852.SH,7376.8100000000004
2025-12-15,CSI1000,000852.SH,7338.0900000000001
2025-12-16,CSI1000,000852.SH,7186.1700000000001
2025-12-17,CSI1000,000852.SH,7261.1000000000004
2025-12-18,CSI1000,000852.SH,7283.7200000000003
2025-12-19,CSI1000,000852.SH,7330.6300000000001
2025-12-22,CSI1000,000852.SH,7411.29
2025-12-23,CSI1000,000852.SH,7395.29
2025-12-24,CSI1000,000852.SH,7496.4300000000003
2025-12-25,CSI1000,000852.SH,7574.6000000000004
2025-12-26,CSI1000,000852.SH,7626.5699999999997
2025-12-29,CSI1000,000852.SH,7613.8299999999999
2025-12-30,CSI1000,000852.SH,7601.0299999999997
2025-12-31,CSI1000,000852.SH,7602.0799999999999
