trading_day,index_name,symbol,open_0931,close_0935,close_0950,close_1005,close_1035,close_1500
2021-01-04,CSI1000,000852.SH,6671.9300000000003,6667.4099999999999,6716.75,6729.0900000000001,6754.2299999999996,6798.7600000000002
2021-01-04,CSI300,000300.SH,5212.9300000000003,5195.1899999999996,5220.4399999999996,5227.29,5236.9200000000001,5267.7200000000003
2021-01-05,CSI1000,000852.SH,6785.5200000000004,6791.3199999999997,6788.9499999999998,6816.6000000000004,6796.46,6807.4499999999998
2021-01-05,CSI300,000300.SH,5245.8400000000001,5253.9200000000001,5277.75,5292.1300000000001,5299.3999999999996,5368.5
2021-01-06,CSI1000,000852.SH,6803.6899999999996,6795.0100000000002,6767.3900000000003,6713.4700000000003,6745.8100000000004,6724.9499999999998
2021-01-06,CSI300,000300.SH,5386.5100000000002,5415.7799999999997,5424.2299999999996,5386.79,5404.6999999999998,5417.6700000000001
2021-01-07,CSI1000,000852.SH,6708.7200000000003,6677.7799999999997,6658.2200000000003,6662.3699999999999,6635.1199999999999,6616.5500000000002
2021-01-07,CSI300,000300.SH,5428.3900000000003,5423.6899999999996,5453.5799999999999,5443.1199999999999,5433.5200000000004,5513.6599999999999
2021-01-08,CSI1000,000852.SH,6603.5,6556.1000000000004,6574.5900000000001,6580.9300000000003,6633.1999999999998,6585.3599999999997
2021-01-08,CSI300,000300.SH,5526.29,5534.2299999999996,5500.7600000000002,5494.5699999999997,5513.29,5495.4300000000003
2021-01-11,CSI1000,000852.SH,6579.6400000000003,6543.4200000000001,6549.75,6568.8999999999996,6574.1800000000003,6475.9499999999998
2021-01-11,CSI300,000300.SH,5504.2399999999998,5485.6499999999996,5498.3999999999996,5524.8599999999997,5544.2200000000003,5441.1599999999999
2021-01-12,CSI1000,000852.SH,6453.0100000000002,6477.4099999999999,6507.5699999999997,6526.54,6492.8900000000003,6564.7399999999998
2021-01-12,CSI300,000300.SH,5419.5,5439.6899999999996,5442.96,5459.4200000000001,5473.1099999999997,5596.3500000000004
2021-01-13,CSI1000,000852.SH,6567.6000000000004,6538.6599999999999,6546.7600000000002,6542.1499999999996,6532.4399999999996,6513.6400000000003
2021-01-13,CSI300,000300.SH,5609.2600000000002,5622.1000000000004,5621.71,5634.8000000000002,5595.8500000000004,5577.9700000000003
2021-01-14,CSI1000,000852.SH,6488.75,6504.6099999999997,6469.6300000000001,6425.8800000000001,6501.1400000000003,6506.8299999999999
2021-01-14,CSI300,000300.SH,5556.21,5557.0100000000002,5522.3000000000002,5499.96,5532.5600000000004,5470.46
2021-01-15,CSI1000,000852.SH,6496.9099999999999,6495.3699999999999,6509.9799999999996,6522.96,6496.71,6528.46
2021-01-15,CSI300,000300.SH,5471.3900000000003,5484.3000000000002,5462.46,5482.46,5475.6400000000003,5458.0799999999999
2021-01-18,CSI1000,000852.SH,6515.5799999999999,6539.2600000000002,6583.0799999999999,6597.1899999999996,6615.79,6652.1000000000004
2021-01-18,CSI300,000300.SH,5438.1599999999999,5420.0299999999997,5457.8000000000002,5474.3699999999999,5466.3699999999999,5518.5200000000004
2021-01-19,CSI1000,000852.SH,6647.9499999999998,6654.46,6673.7399999999998,6661.7200000000003,6658.4499999999998,6614.0699999999997
2021-01-19,CSI300,000300.SH,5525.9700000000003,5520.4399999999996,5509.1700000000001,5505.1000000000004,5491.2600000000002,5437.5200000000004
2021-01-20,CSI1000,000852.SH,6606.7299999999996,6601.8299999999999,6591.8699999999999,6619.5900000000001,6653.5,6671.4499999999998
2021-01-20,CSI300,000300.SH,5439.9099999999999,5437.5699999999997,5469.5900000000001,5478.1300000000001,5477.6999999999998,5476.4300000000003
2021-01-21,CSI1000,000852.SH,6670.1800000000003,6683.5699999999997,6693.9399999999996,6688.6000000000004,6708.5799999999999,6745.1099999999997
2021-01-21,CSI300,000300.SH,5492.96,5510.1599999999999,5515.9300000000003,5511.6300000000001,5505.4700000000003,5564.9700000000003
2021-01-22,CSI1000,000852.SH,6736.0100000000002,6734.75,6707.4700000000003,6711.0900000000001,6711.1000000000004,6721.9200000000001
2021-01-22,CSI300,000300.SH,5562.3800000000001,5564.1999999999998,5556.5600000000004,5564.3100000000004,5551.5600000000004,5569.7799999999997
2021-01-25,CSI1000,000852.SH,6710.8000000000002,6688.5900000000001,6660.25,6677.5,6715.1000000000004,6657.2700000000004
2021-01-25,CSI300,000300.SH,5564.1199999999999,5551.5299999999997,5566.0699999999997,5561.7200000000003,5610.0699999999997,5625.9200000000001
2021-01-26,CSI1000,000852.SH,6630.3599999999997,6616.1800000000003,6637.8299999999999,6612.1400000000003,6579.0200000000004,6534.1000000000004
2021-01-26,CSI300,000300.SH,5600.8999999999996,5586.8299999999999,5588.21,5572.2700000000004,5550.4300000000003,5512.9700000000003
2021-01-27,CSI1000,000852.SH,6519.4499999999998,6516.9499999999998,6485.0500000000002,6470.9799999999996,6507.7200000000003,6537.75
2021-01-27,CSI300,000300.SH,5505.7700000000004,5519.4799999999996,5486.1099999999997,5463.7299999999996,5498.0799999999999,5528
2021-01-28,CSI1000,000852.SH,6466.5699999999997,6492.46,6538.7200000000003,6542.8900000000003,6504.4300000000003,6399.1300000000001
2021-01-28,CSI300,000300.SH,5450.3699999999999,5442.8500000000004,5455.9200000000001,5458.9399999999996,5420.5699999999997,5377.1400000000003
2021-01-29,CSI1000,000852.SH,6438.6099999999997,6441.1099999999997,6407.6599999999999,6374.8100000000004,6351.8999999999996,6304.1199999999999
2021-01-29,CSI300,000300.SH,5413.9700000000003,5416.5,5405.0900000000001,5387.3199999999997,5385.0200000000004,5351.96
2021-02-01,CSI1000,000852.SH,6282.0299999999997,6286.04,6334.8199999999997,6331.1199999999999,6301.4700000000003,6345.8100000000004
2021-02-01,CSI300,000300.SH,5356.8500000000004,5342.29,5383.8199999999997,5397.8900000000003,5371.5100000000002,5417.6499999999996
2021-02-02,CSI1000,000852.SH,6351.6599999999999,6325.7299999999996,6330.29,6374.5100000000002,6382.3299999999999,6417.46
2021-02-02,CSI300,000300.SH,5429.6999999999998,5433.6999999999998,5423.5799999999999,5447.1199999999999,5473.3800000000001,5501.0900000000001
2021-02-03,CSI1000,000852.SH,6404.0699999999997,6375.8999999999996,6367.1999999999998,6345.3599999999997,6356.3000000000002,6307.3900000000003
2021-02-03,CSI300,000300.SH,5499.3000000000002,5478.2700000000004,5503.6599999999999,5480.1199999999999,5505.3400000000001,5485.1999999999998
2021-02-04,CSI1000,000852.SH,6277.9700000000003,6252.54,6272.6400000000003,6221.5600000000004,6176.9399999999996,6167.75
2021-02-04,CSI300,000300.SH,5453.9799999999996,5473.4899999999998,5494.3500000000004,5480.2200000000003,5490.0299999999997,5473.9499999999998
2021-02-05,CSI1000,000852.SH,6179.4899999999998,6193.2399999999998,6199.5799999999999,6195.7600000000002,6158.0600000000004,6045.3000000000002
2021-02-05,CSI300,000300.SH,5494.6999999999998,5492.0699999999997,5508.7600000000002,5523.5900000000001,5521.1199999999999,5483.4099999999999
2021-02-08,CSI1000,000852.SH,6056.9099999999999,6026.7299999999996,6023.9099999999999,6047.6199999999999,6079.3299999999999,6088.8199999999997
2021-02-08,CSI300,000300.SH,5506.1400000000003,5509.8900000000003,5484.9899999999998,5502.0900000000001,5506.8699999999999,5564.5600000000004
2021-02-09,CSI1000,000852.SH,6101.6800000000003,6109.5900000000001,6162.3900000000003,6171.3199999999997,6174.71,6254.0100000000002
2021-02-09,CSI300,000300.SH,5584.1700000000001,5573.2799999999997,5581.5299999999997,5595.6300000000001,5590.9700000000003,5686.25
2021-02-10,CSI1000,000852.SH,6265.4099999999999,6269.2299999999996,6257.6499999999996,6253.9200000000001,6267.6300000000001,6303.3100000000004
2021-02-10,CSI300,000300.SH,5709.6800000000003,5709.8500000000004,5734.5900000000001,5763.3800000000001,5753.1499999999996,5807.7200000000003
2021-02-18,CSI1000,000852.SH,6405.0200000000004,6379.8000000000002,6425.8800000000001,6438.79,6386.6199999999999,6404.5900000000001
2021-02-18,CSI300,000300.SH,5922.0699999999997,5881.9799999999996,5852.3500000000004,5847.5299999999997,5819.6800000000003,5768.3800000000001
2021-02-19,CSI1000,000852.SH,6395.5799999999999,6410.4899999999998,6401.8000000000002,6416.4700000000003,6414.9799999999996,6527.6499999999996
2021-02-19,CSI300,000300.SH,5734.0200000000004,5749.4899999999998,5722.75,5721.9099999999999,5690.6599999999999,5778.8400000000001
2021-02-22,CSI1000,000852.SH,6553.9099999999999,6573.7700000000004,6572.54,6608.3100000000004,6641.0299999999997,6534.5699999999997
2021-02-22,CSI300,000300.SH,5785.5100000000002,5737,5682.9300000000003,5713.1800000000003,5723.4200000000001,5597.3299999999999
2021-02-23,CSI1000,000852.SH,6496.75,6494.0600000000004,6452.7299999999996,6486.5799999999999,6489.3800000000001,6489.96
2021-02-23,CSI300,000300.SH,5542.6800000000003,5566.6999999999998,5611.1700000000001,5618.0200000000004,5606.7600000000002,5579.6700000000001
2021-02-24,CSI1000,000852.SH,6490.3800000000001,6520.6899999999996,6533.1700000000001,6515.4700000000003,6497.9200000000001,6437.8400000000001
2021-02-24,CSI300,000300.SH,5591.4799999999996,5593.8400000000001,5576.5600000000004,5551.7299999999996,5519.9899999999998,5437.5699999999997
2021-02-25,CSI1000,000852.SH,6480.9200000000001,6460.4799999999996,6420.3299999999999,6432.6199999999999,6406.3100000000004,6399.3500000000004
2021-02-25,CSI300,000300.SH,5494.4700000000003,5473.9799999999996,5456.0699999999997,5495.3199999999997,5493.2600000000002,5469.5600000000004
2021-02-26,CSI1000,000852.SH,6287.4899999999998,6325.7600000000002,6315.1899999999996,6344.5,6373.8100000000004,6325.3999999999996
2021-02-26,CSI300,000300.SH,5343.8999999999996,5362.3800000000001,5345.8599999999997,5404.6400000000003,5399.6700000000001,5336.7600000000002
2021-03-01,CSI1000,000852.SH,6362.9399999999996,6383.4099999999999,6417.9300000000003,6422.5900000000001,6437.2299999999996,6495.1599999999999
2021-03-01,CSI300,000300.SH,5389.25,5369.5500000000002,5372.29,5396.1000000000004,5390.9099999999999,5418.7799999999997
2021-03-02,CSI1000,000852.SH,6518.3199999999997,6500.1300000000001,6507.4499999999998,6494.8800000000001,6492.9700000000003,6466.6300000000001
2021-03-02,CSI300,000300.SH,5453.2799999999997,5436.3199999999997,5436.8199999999997,5436.3299999999999,5427.4499999999998,5349.6300000000001
2021-03-03,CSI1000,000852.SH,6456.71,6460.2200000000003,6469.2700000000004,6462.4200000000001,6467.1499999999996,6553.6000000000004
2021-03-03,CSI300,000300.SH,5327.3500000000004,5321.8800000000001,5374.2299999999996,5375.5299999999997,5373.2600000000002,5452.21
2021-03-04,CSI1000,000852.SH,6519.04,6525.6800000000003,6512.3400000000001,6509.6499999999996,6491.6499999999996,6434.8900000000003
2021-03-04,CSI300,000300.SH,5388.4799999999996,5375.7700000000004,5370.5900000000001,5358.8100000000004,5319.0500000000002,5280.71
2021-03-05,CSI1000,000852.SH,6369.2299999999996,6377.6499999999996,6423.4799999999996,6404.0200000000004,6421.2799999999997,6456.2799999999997
2021-03-05,CSI300,000300.SH,5191.9700000000003,5183.0500000000002,5218.4099999999999,5187.21,5236.7299999999996,5262.8000000000002
2021-03-08,CSI1000,000852.SH,6496.21,6515.1000000000004,6524.5100000000002,6517.4099999999999,6470.0100000000002,6327.6499999999996
2021-03-08,CSI300,000300.SH,5299.79,5303.4200000000001,5313.4700000000003,5298.9399999999996,5230.0600000000004,5080.0200000000004
2021-03-09,CSI1000,000852.SH,6314.3500000000004,6240.8800000000001,6166.2700000000004,6133.8100000000004,6182.8199999999997,6126.2799999999997
2021-03-09,CSI300,000300.SH,5066.1499999999996,5034.6999999999998,4990.7200000000003,5001.6199999999999,5023.2299999999996,4971
2021-03-10,CSI1000,000852.SH,6192.1499999999996,6170.9499999999998,6140.9700000000003,6120.4799999999996,6100.4799999999996,6078.2399999999998
2021-03-10,CSI300,000300.SH,5047.0600000000004,5043.6099999999997,5029.2700000000004,5017.9700000000003,5012.9499999999998,5003.6099999999997
2021-03-11,CSI1000,000852.SH,6086.0900000000001,6065.0699999999997,6109.6800000000003,6132.6199999999999,6177.6899999999996,6219.6599999999999
2021-03-11,CSI300,000300.SH,5024.5600000000004,5034.4200000000001,5075.1700000000001,5094.1000000000004,5121.21,5128.2200000000003
2021-03-12,CSI1000,000852.SH,6231.6899999999996,6215.9200000000001,6192.3500000000004,6166.3299999999999,6174.5799999999999,6220.4799999999996
2021-03-12,CSI300,000300.SH,5153.6700000000001,5137.6300000000001,5140.1400000000003,5109.0900000000001,5094.96,5146.3800000000001
2021-03-15,CSI1000,000852.SH,6204.8199999999997,6200.4399999999996,6205.5200000000004,6231.9399999999996,6234.8999999999996,6177.7399999999998
2021-03-15,CSI300,000300.SH,5116.1199999999999,5096.4099999999999,5080.8100000000004,5112.1499999999996,5110.3699999999999,5035.54
2021-03-16,CSI1000,000852.SH,6182.5200000000004,6193.8999999999996,6199.6899999999996,6199.1599999999999,6151.5799999999999,6233.46
2021-03-16,CSI300,000300.SH,5054.4099999999999,5061.25,5063.71,5062.8900000000003,5020.0900000000001,5079.3599999999997
2021-03-17,CSI1000,000852.SH,6225.5200000000004,6214.0799999999999,6213.7799999999997,6246.79,6269.54,6277.5799999999999
2021-03-17,CSI300,000300.SH,5062.7700000000004,5037.46,5059.8100000000004,5104.5100000000002,5115.1300000000001,5100.8599999999997
2021-03-18,CSI1000,000852.SH,6276.8000000000002,6272.8999999999996,6295.3800000000001,6295.29,6287.8500000000004,6298.8900000000003
2021-03-18,CSI300,000300.SH,5114.5900000000001,5114.7700000000004,5137.6700000000001,5144.6000000000004,5123.5799999999999,5141.7700000000004
2021-03-19,CSI1000,000852.SH,6230.0699999999997,6248.1899999999996,6274.4499999999998,6269.1099999999997,6290.4799999999996,6250.8100000000004
2021-03-19,CSI300,000300.SH,5068.5299999999997,5069.3599999999997,5082.7799999999997,5062.8400000000001,5054.8800000000001,5007.0900000000001
2021-03-22,CSI1000,000852.SH,6256.5200000000004,6274.5,6315.46,6320.4200000000001,6300.4099999999999,6359.6000000000004
2021-03-22,CSI300,000300.SH,5008.3999999999996,5020.1899999999996,5067.3199999999997,5042.0100000000002,5022.5500000000002,5057.1499999999996
2021-03-23,CSI1000,000852.SH,6364.8199999999997,6354.6000000000004,6333.4399999999996,6329.3599999999997,6311.3100000000004,6289
2021-03-23,CSI300,000300.SH,5057.0600000000004,5037.4899999999998,5047.3699999999999,5049.8599999999997,5014.1000000000004,5009.25
2021-03-24,CSI1000,000852.SH,6249.2299999999996,6249.5,6266.6499999999996,6245.1400000000003,6236.1800000000003,6196.2700000000004
2021-03-24,CSI300,000300.SH,4985.3999999999996,4987.3599999999997,4991.4300000000003,4961.3900000000003,4948.5100000000002,4928.6899999999996
2021-03-25,CSI1000,000852.SH,6172.3999999999996,6170.6499999999996,6147.4399999999996,6187.8299999999999,6216.2700000000004,6190.71
2021-03-25,CSI300,000300.SH,4904.0699999999997,4900.6999999999998,4893.3299999999999,4927.3999999999996,4935.46,4926.3500000000004
2021-03-26,CSI1000,000852.SH,6198.5299999999997,6222.79,6232.1999999999998,6225.5900000000001,6242.5900000000001,6301.3400000000001
2021-03-26,CSI300,000300.SH,4953.9499999999998,4976.8199999999997,4978.6700000000001,4970.5,4971.8599999999997,5037.9899999999998
2021-03-29,CSI1000,000852.SH,6323.9399999999996,6321.9399999999996,6341.1700000000001,6346.3800000000001,6350.8199999999997,6326.6099999999997
2021-03-29,CSI300,000300.SH,5052.2600000000002,5040.1499999999996,5045.5,5056.54,5079.3400000000001,5046.8800000000001
2021-03-30,CSI1000,000852.SH,6313.4799999999996,6309.0600000000004,6281.6999999999998,6281.6000000000004,6300.8000000000002,6301.5799999999999
2021-03-30,CSI300,000300.SH,5043.1000000000004,5055.0200000000004,5049.04,5066.8000000000002,5092.1800000000003,5094.7299999999996
2021-03-31,CSI1000,000852.SH,6289.6000000000004,6281.96,6280.4700000000003,6282.3699999999999,6258.25,6293.3900000000003
2021-03-31,CSI300,000300.SH,5085.9499999999998,5068.2399999999998,5049.8800000000001,5039.75,5022.9200000000001,5048.3599999999997
2021-04-01,CSI1000,000852.SH,6302.5600000000004,6305.2600000000002,6301.4300000000003,6313.9099999999999,6323.9499999999998,6335.79
2021-04-01,CSI300,000300.SH,5059.9399999999996,5072.3299999999999,5070.3699999999999,5080.1400000000003,5094.4200000000001,5110.7799999999997
2021-04-02,CSI1000,000852.SH,6354.71,6357.3299999999999,6352.54,6354.8699999999999,6370.6099999999997,6361.25
2021-04-02,CSI300,000300.SH,5129.8500000000004,5136.2700000000004,5134.29,5135.0900000000001,5150.0299999999997,5161.5600000000004
2021-04-06,CSI1000,000852.SH,6376.7200000000003,6376.29,6382.7299999999996,6392.1099999999997,6403.6800000000003,6421.4899999999998
2021-04-06,CSI300,000300.SH,5178.6400000000003,5164.6499999999996,5141.1800000000003,5146.4899999999998,5143.7200000000003,5140.3400000000001
2021-04-07,CSI1000,000852.SH,6419.9899999999998,6404.2299999999996,6384.5900000000001,6376.2299999999996,6384.4700000000003,6422.7600000000002
2021-04-07,CSI300,000300.SH,5141.6599999999999,5114.8000000000002,5090.3699999999999,5077.8500000000004,5084.3599999999997,5103.7399999999998
2021-04-08,CSI1000,000852.SH,6411.0299999999997,6402.79,6407.5100000000002,6390.4499999999998,6417.6599999999999,6404.1300000000001
2021-04-08,CSI300,000300.SH,5078.2600000000002,5085.3199999999997,5104.2299999999996,5087.1899999999996,5098.8699999999999,5112.21
2021-04-09,CSI1000,000852.SH,6399.1499999999996,6401.4300000000003,6403.8800000000001,6399.4099999999999,6393.29,6399.5200000000004
2021-04-09,CSI300,000300.SH,5100.04,5093.5799999999999,5061.6599999999999,5052.2200000000003,5043.0299999999997,5035.3400000000001
2021-04-12,CSI1000,000852.SH,6398.5100000000002,6373.5299999999997,6392.0200000000004,6351.6499999999996,6326.0200000000004,6263.3999999999996
2021-04-12,CSI300,000300.SH,5026.9799999999996,5008.7299999999996,5031.3500000000004,4986.8999999999996,4979.8800000000001,4947.75
2021-04-13,CSI1000,000852.SH,6252.71,6249.6800000000003,6258.7700000000004,6247.8100000000004,6278.3500000000004,6231.1400000000003
2021-04-13,CSI300,000300.SH,4949.8100000000004,4960.7399999999998,4974.8400000000001,4966.7700000000004,4988.3900000000003,4939.6400000000003
2021-04-14,CSI1000,000852.SH,6227.25,6226.5100000000002,6260.7799999999997,6263.4300000000003,6277.2399999999998,6320.0699999999997
2021-04-14,CSI300,000300.SH,4945.6899999999996,4957.2700000000004,4981.2600000000002,4973.6599999999999,4973.0500000000002,4980.6300000000001
2021-04-15,CSI1000,000852.SH,6304.7399999999998,6287.4300000000003,6283.25,6275.0299999999997,6267.5900000000001,6296.6099999999997
2021-04-15,CSI300,000300.SH,4969.9099999999999,4962.5,4949.9399999999996,4928.6800000000003,4916.9099999999999,4948.9700000000003
2021-04-16,CSI1000,000852.SH,6295.5299999999997,6313.5799999999999,6314,6311.9300000000003,6328.3100000000004,6368.8500000000004
2021-04-16,CSI300,000300.SH,4966.8999999999996,4960.7299999999996,4940.7799999999997,4926.3800000000001,4938.5699999999997,4966.1800000000003
2021-04-19,CSI1000,000852.SH,6368.8599999999997,6376.9200000000001,6404.5,6428.8400000000001,6453.8699999999999,6477.3900000000003
2021-04-19,CSI300,000300.SH,4966.4099999999999,4958.0699999999997,4992.3800000000001,5021.5600000000004,5060.2600000000002,5087.0200000000004
2021-04-20,CSI1000,000852.SH,6460.5200000000004,6465.9700000000003,6472.4300000000003,6477.3400000000001,6495.2399999999998,6457.6300000000001
2021-04-20,CSI300,000300.SH,5065.7799999999997,5072.1800000000003,5084.0100000000002,5080.8400000000001,5094.3000000000002,5083.3699999999999
2021-04-21,CSI1000,000852.SH,6425.3400000000001,6431.9700000000003,6413.71,6421.1700000000001,6445.7600000000002,6457.71
2021-04-21,CSI300,000300.SH,5055.2399999999998,5069.5600000000004,5070.0100000000002,5056.6099999999997,5077.4300000000003,5098.75
2021-04-22,CSI1000,000852.SH,6470.46,6476,6475.8199999999997,6465.0200000000004,6485.9499999999998,6485.21
2021-04-22,CSI300,000300.SH,5114.2799999999997,5089.1499999999996,5085.2299999999996,5068.6899999999996,5089.9499999999998,5089.2399999999998
2021-04-23,CSI1000,000852.SH,6478.9300000000003,6460.9499999999998,6474.6199999999999,6474.2299999999996,6475,6453.3000000000002
2021-04-23,CSI300,000300.SH,5088.8299999999999,5103.7299999999996,5133.1300000000001,5126.0799999999999,5141.1700000000001,5135.4499999999998
2021-04-26,CSI1000,000852.SH,6467.8800000000001,6474.04,6496.9899999999998,6507.7600000000002,6515.8400000000001,6431.0900000000001
2021-04-26,CSI300,000300.SH,5156.5900000000001,5162.71,5152.8299999999999,5172.8000000000002,5169.9099999999999,5077.2399999999998
2021-04-27,CSI1000,000852.SH,6423.79,6427.54,6403.25,6381.1199999999999,6341.7399999999998,6400.8999999999996
2021-04-27,CSI300,000300.SH,5076.6400000000003,5075.5,5074.7200000000003,5072.2200000000003,5045.6499999999996,5090.5200000000004
2021-04-28,CSI1000,000852.SH,6395.0200000000004,6366.0100000000002,6422.5900000000001,6419.1300000000001,6423.6099999999997,6437.25
2021-04-28,CSI300,000300.SH,5073.9700000000003,5064.0100000000002,5091.7799999999997,5088.0900000000001,5099.6199999999999,5119.2399999999998
2021-04-29,CSI1000,000852.SH,6419.04,6423.79,6433.29,6429.29,6405.8800000000001,6405.1000000000004
2021-04-29,CSI300,000300.SH,5128.2799999999997,5126.6099999999997,5153.8699999999999,5150.2200000000003,5129.0900000000001,5164.1700000000001
2021-04-30,CSI1000,000852.SH,6389.1700000000001,6387.6000000000004,6381.6499999999996,6384.5600000000004,6382.25,6382.1400000000003
2021-04-30,CSI300,000300.SH,5156.3599999999997,5148.96,5141.5799999999999,5148.0500000000002,5135.3400000000001,5123.4899999999998
2021-05-06,CSI1000,000852.SH,6385.3199999999997,6396.4700000000003,6407.5,6409.0299999999997,6399.5799999999999,6398.4399999999996
2021-05-06,CSI300,000300.SH,5098.8000000000002,5097.9399999999996,5103.3199999999997,5117.6899999999996,5087.8900000000003,5061.1199999999999
2021-05-07,CSI1000,000852.SH,6403.9799999999996,6388.6300000000001,6364.0699999999997,6399.3000000000002,6389.5500000000002,6320.25
2021-05-07,CSI300,000300.SH,5073.46,5060.5,5059.6999999999998,5093.46,5072.3000000000002,4996.0500000000002
2021-05-10,CSI1000,000852.SH,6330.1499999999996,6319.04,6339.0699999999997,6320.79,6342.5500000000002,6338.5699999999997
2021-05-10,CSI300,000300.SH,5001.4399999999996,4994.8999999999996,5011.0299999999997,4995.8500000000004,4997.8599999999997,4992.4200000000001
2021-05-11,CSI1000,000852.SH,6303.5799999999999,6309.8199999999997,6284.5799999999999,6269.6400000000003,6255.1400000000003,6343.8599999999997
2021-05-11,CSI300,000300.SH,4956.0799999999999,4959.3199999999997,4942.9399999999996,4945.8400000000001,4943.6300000000001,5023.0600000000004
2021-05-12,CSI1000,000852.SH,6321.9799999999996,6323.7600000000002,6321.4399999999996,6339.4399999999996,6369.3299999999999,6420.3400000000001
2021-05-12,CSI300,000300.SH,5003.8199999999997,5013.6599999999999,5018.7600000000002,5026.21,5032.75,5044.5500000000002
2021-05-13,CSI1000,000852.SH,6365,6393.0500000000002,6400.6300000000001,6372.8699999999999,6392.1999999999998,6375.0100000000002
2021-05-13,CSI300,000300.SH,4992.3500000000004,5016.0799999999999,5005.0500000000002,4981.4099999999999,4984.5,4992.9700000000003
2021-05-14,CSI1000,000852.SH,6395.5100000000002,6396.0200000000004,6383.46,6397.7299999999996,6428.6000000000004,6462.4799999999996
2021-05-14,CSI300,000300.SH,5007.6300000000001,5009.5500000000002,4990.96,5001.7299999999996,5032.6700000000001,5110.5900000000001
2021-05-17,CSI1000,000852.SH,6456.9200000000001,6462.5799999999999,6448.71,6467.3299999999999,6464.9799999999996,6457.2799999999997
2021-05-17,CSI300,000300.SH,5115.3100000000004,5151.2399999999998,5166.5699999999997,5192.8900000000003,5177.6000000000004,5184.9899999999998
2021-05-18,CSI1000,000852.SH,6451.0699999999997,6449.4200000000001,6437.8900000000003,6451.6999999999998,6439.8100000000004,6486.8199999999997
2021-05-18,CSI300,000300.SH,5190.9300000000003,5196.9099999999999,5179.4200000000001,5178.7200000000003,5162.6800000000003,5187.6000000000004
2021-05-19,CSI1000,000852.SH,6470.29,6459.6499999999996,6472.5200000000004,6474.8000000000002,6492.2399999999998,6488.9499999999998
2021-05-19,CSI300,000300.SH,5173.1700000000001,5157.3599999999997,5167.9099999999999,5163.0299999999997,5188.7700000000004,5172.2700000000004
2021-05-20,CSI1000,000852.SH,6455.7200000000003,6473.21,6464.3000000000002,6464.6999999999998,6447.8900000000003,6482.8400000000001
2021-05-20,CSI300,000300.SH,5167.0500000000002,5182.4799999999996,5169.3999999999996,5172.4300000000003,5156.8699999999999,5186.4099999999999
2021-05-21,CSI1000,000852.SH,6492.8500000000004,6498.2399999999998,6497.2799999999997,6477.8000000000002,6479.0600000000004,6480.3699999999999
2021-05-21,CSI300,000300.SH,5199.1300000000001,5212.2200000000003,5198.4200000000001,5165.4799999999996,5134.0799999999999,5134.1499999999996
2021-05-24,CSI1000,000852.SH,6480.5500000000002,6480.1499999999996,6510.4300000000003,6492.0100000000002,6498.5600000000004,6537.8599999999997
2021-05-24,CSI300,000300.SH,5138.8100000000004,5127.8400000000001,5141.8900000000003,5116.5299999999997,5107.0699999999997,5155.5900000000001
2021-05-25,CSI1000,000852.SH,6542.6800000000003,6552.3800000000001,6539.3999999999996,6548.4799999999996,6552.96,6615.71
2021-05-25,CSI300,000300.SH,5165.04,5172.29,5188.8299999999999,5224.6700000000001,5250.4499999999998,5318.4799999999996
2021-05-26,CSI1000,000852.SH,6618.1800000000003,6627.2700000000004,6642.3699999999999,6646.8599999999997,6661.2600000000002,6644.75
2021-05-26,CSI300,000300.SH,5326.1199999999999,5331.5699999999997,5323.7700000000004,5317.0699999999997,5330.9799999999996,5320.5900000000001
2021-05-27,CSI1000,000852.SH,6636.7700000000004,6646.3999999999996,6663.2299999999996,6676.6899999999996,6695.0500000000002,6705.04
2021-05-27,CSI300,000300.SH,5311.3699999999999,5301.6800000000003,5299.9099999999999,5309.0799999999999,5318.1499999999996,5338.2299999999996
2021-05-28,CSI1000,000852.SH,6709.8900000000003,6711.6099999999997,6729.6700000000001,6726.0600000000004,6721.4700000000003,6694.3500000000004
2021-05-28,CSI300,000300.SH,5338.7299999999996,5320.0299999999997,5341.5,5339.3000000000002,5336.0299999999997,5321.0900000000001
2021-05-31,CSI1000,000852.SH,6712.75,6721.79,6746.79,6741.1700000000001,6762.8000000000002,6814.3599999999997
2021-05-31,CSI300,000300.SH,5318.0799999999999,5296.1599999999999,5294.3299999999999,5287.7200000000003,5307.1499999999996,5331.5699999999997
2021-06-01,CSI1000,000852.SH,6810.4700000000003,6800.54,6823.8599999999997,6826.5,6790.04,6854.7299999999996
2021-06-01,CSI300,000300.SH,5320.4700000000003,5317.4799999999996,5321.3699999999999,5316.8800000000001,5280.4899999999998,5341.6800000000003
2021-06-02,CSI1000,000852.SH,6844.8500000000004,6844.25,6833,6817.6000000000004,6832.0799999999999,6759.46
2021-06-02,CSI300,000300.SH,5348.3400000000001,5342.5200000000004,5316.8699999999999,5303.9099999999999,5310.2700000000004,5289.9700000000003
2021-06-03,CSI1000,000852.SH,6754.7799999999997,6759.4099999999999,6751.1700000000001,6777.5799999999999,6777.46,6754.0699999999997
2021-06-03,CSI300,000300.SH,5285.71,5284.3900000000003,5293.8500000000004,5300.7700000000004,5284.8000000000002,5255.29
2021-06-04,CSI1000,000852.SH,6725.8199999999997,6723.4499999999998,6754.96,6763.6000000000004,6790,6785.8000000000002
2021-06-04,CSI300,000300.SH,5228.2799999999997,5221.2299999999996,5248.71,5249.4300000000003,5265.1400000000003,5282.2799999999997
2021-06-07,CSI1000,000852.SH,6811.04,6808.6000000000004,6824.4499999999998,6828.1899999999996,6843.46,6861.8500000000004
2021-06-07,CSI300,000300.SH,5284.8900000000003,5268.6099999999997,5266.4200000000001,5255.0699999999997,5270.8500000000004,5277.6300000000001
2021-06-08,CSI1000,000852.SH,6865.7600000000002,6862.46,6879.6199999999999,6880.7700000000004,6846.3800000000001,6809.8599999999997
2021-06-08,CSI300,000300.SH,5276.9700000000003,5264.4300000000003,5308.9499999999998,5293.5600000000004,5261.1199999999999,5232.1199999999999
2021-06-09,CSI1000,000852.SH,6807.4799999999996,6788.9200000000001,6815.79,6807.5,6808.5900000000001,6823.4099999999999
2021-06-09,CSI300,000300.SH,5224.9499999999998,5232.4099999999999,5232.6899999999996,5229.21,5227.5500000000002,5236.4499999999998
2021-06-10,CSI1000,000852.SH,6817.5900000000001,6824.1800000000003,6838.8699999999999,6841.8599999999997,6854.29,6898.21
2021-06-10,CSI300,000300.SH,5236.4700000000003,5266.2600000000002,5277.3500000000004,5276.9700000000003,5282.79,5271.4700000000003
2021-06-11,CSI1000,000852.SH,6907.8299999999999,6888.3400000000001,6883.1999999999998,6874.5900000000001,6883.8900000000003,6852.9700000000003
2021-06-11,CSI300,000300.SH,5275.75,5258.8400000000001,5236.9300000000003,5221.2299999999996,5242.3000000000002,5224.6999999999998
2021-06-15,CSI1000,000852.SH,6854.8100000000004,6853.1499999999996,6844.0500000000002,6802.5100000000002,6838.3000000000002,6815.1199999999999
2021-06-15,CSI300,000300.SH,5218.5600000000004,5218.3100000000004,5197.1999999999998,5146.7799999999997,5166.5200000000004,5166.5600000000004
2021-06-16,CSI1000,000852.SH,6808.6300000000001,6790.0900000000001,6770.7600000000002,6796.79,6725.8000000000002,6673.2399999999998
2021-06-16,CSI300,000300.SH,5163.25,5150.5299999999997,5136,5160.5799999999999,5113.4899999999998,5080.4899999999998
2021-06-17,CSI1000,000852.SH,6669.6700000000001,6705.0200000000004,6720.8500000000004,6722.8299999999999,6731.0799999999999,6787.6700000000001
2021-06-17,CSI300,000300.SH,5074.3800000000001,5082.8199999999997,5095.3400000000001,5106.7299999999996,5100.1800000000003,5101.8900000000003
2021-06-18,CSI1000,000852.SH,6783.9899999999998,6784.9200000000001,6814.79,6809.5600000000004,6846.8999999999996,6863.7200000000003
2021-06-18,CSI300,000300.SH,5104.9300000000003,5100.1499999999996,5120.7299999999996,5099.5100000000002,5099.3100000000004,5102.4700000000003
2021-06-21,CSI1000,000852.SH,6844.3400000000001,6851.0200000000004,6914.7799999999997,6929.5600000000004,6951.7399999999998,6968.3000000000002
2021-06-21,CSI300,000300.SH,5088.0900000000001,5061.6400000000003,5091.0500000000002,5083.1300000000001,5104.3999999999996,5090.3900000000003
2021-06-22,CSI1000,000852.SH,6987.5100000000002,6963.5699999999997,6956.7700000000004,6973.2700000000004,6977.6999999999998,7000.25
2021-06-22,CSI300,000300.SH,5106.0699999999997,5098,5094.7399999999998,5106.1800000000003,5113.9399999999996,5122.1599999999999
2021-06-23,CSI1000,000852.SH,6997.4099999999999,6992.8199999999997,6989.1000000000004,7012.3199999999997,7020.9799999999996,7046.1700000000001
2021-06-23,CSI300,000300.SH,5127.1899999999996,5135.2700000000004,5122.21,5132.9499999999998,5153.71,5147.3900000000003
2021-06-24,CSI1000,000852.SH,7045.0500000000002,7014.5100000000002,7004.3800000000001,6993.2700000000004,7002.4300000000003,6974.6400000000003
2021-06-24,CSI300,000300.SH,5156.5600000000004,5137.0500000000002,5128,5127.5600000000004,5142.2200000000003,5155.9700000000003
2021-06-25,CSI1000,000852.SH,6975.4899999999998,6980.2700000000004,6981.8800000000001,6974.0299999999997,6966.7799999999997,7000.4300000000003
2021-06-25,CSI300,000300.SH,5159.8000000000002,5162.0699999999997,5188.6899999999996,5178.5,5206.79,5239.9700000000003
2021-06-28,CSI1000,000852.SH,7007.4300000000003,7015.4899999999998,7043.2200000000003,7046.6899999999996,7070.04,7063.4700000000003
2021-06-28,CSI300,000300.SH,5253.6099999999997,5252.0600000000004,5242.0900000000001,5240.5,5249.2399999999998,5251.7600000000002
2021-06-29,CSI1000,000852.SH,7068.3999999999996,7060.0799999999999,7076.7399999999998,7055.9399999999996,7031.3999999999996,7004.3000000000002
2021-06-29,CSI300,000300.SH,5248.5200000000004,5234.5299999999997,5230.4799999999996,5220.4099999999999,5201.9899999999998,5190.54
2021-06-30,CSI1000,000852.SH,7011.1800000000003,7019.5100000000002,7044.2600000000002,7045.4899999999998,7056.4499999999998,7083.6999999999998
2021-06-30,CSI300,000300.SH,5189.3800000000001,5193.1400000000003,5205.6800000000003,5202.1099999999997,5215.8400000000001,5224.04
2021-07-01,CSI1000,000852.SH,7094.1899999999996,7061.9799999999996,7028.54,7074.04,7066.79,6969.5299999999997
2021-07-01,CSI300,000300.SH,5241.1999999999998,5230.9700000000003,5195.9899999999998,5216.7299999999996,5221.04,5229.6599999999999
2021-07-02,CSI1000,000852.SH,6947.4499999999998,6944.5900000000001,6933.8800000000001,6905.8800000000001,6929.8999999999996,6908.9300000000003
2021-07-02,CSI300,000300.SH,5186.6599999999999,5159.75,5139.8999999999996,5120.5100000000002,5116.2799999999997,5081.1199999999999
2021-07-05,CSI1000,000852.SH,6930.2600000000002,6962.75,6987.9499999999998,6947.1300000000001,6956.8299999999999,7006.6999999999998
2021-07-05,CSI300,000300.SH,5073.7799999999997,5076.8900000000003,5091.0500000000002,5071.4499999999998,5073.1599999999999,5085.79
2021-07-06,CSI1000,000852.SH,7013.9899999999998,6992.7399999999998,6981.8299999999999,7020.4799999999996,7013.5799999999999,6979.0600000000004
2021-07-06,CSI300,000300.SH,5089.7799999999997,5074.3100000000004,5058.5799999999999,5076.7799999999997,5064.46,5083.1000000000004
2021-07-07,CSI1000,000852.SH,6932.9399999999996,6941.46,6938.1999999999998,6981.7700000000004,7016.1899999999996,7089.6599999999999
2021-07-07,CSI300,000300.SH,5052.4200000000001,5076.1700000000001,5073.6599999999999,5096.3900000000003,5102.9499999999998,5140.4899999999998
2021-07-08,CSI1000,000852.SH,7102.6700000000001,7109.8400000000001,7114.8000000000002,7122.4799999999996,7113.3599999999997,7099.4099999999999
2021-07-08,CSI300,000300.SH,5149.3100000000004,5137.29,5125.3699999999999,5120.0799999999999,5116.6800000000003,5088.2600000000002
2021-07-09,CSI1000,000852.SH,7064.9899999999998,7065.8900000000003,7037.0500000000002,7014.9200000000001,7049.9799999999996,7142.8999999999996
2021-07-09,CSI300,000300.SH,5063.1499999999996,5074.6599999999999,5043.5799999999999,5015.9899999999998,5034.3999999999996,5069.4399999999996
2021-07-12,CSI1000,000852.SH,7184.0900000000001,7171.1899999999996,7209.0100000000002,7213.7700000000004,7247.3699999999999,7284.2299999999996
2021-07-12,CSI300,000300.SH,5108.3800000000001,5071.79,5092.8400000000001,5114.3800000000001,5150.0500000000002,5132.71
2021-07-13,CSI1000,000852.SH,7285.96,7304.6899999999996,7294.3500000000004,7273.96,7277.3299999999999,7331.7299999999996
2021-07-13,CSI300,000300.SH,5128.6099999999997,5132.1700000000001,5140.8000000000002,5142.2700000000004,5131.5,5142.1000000000004
2021-07-14,CSI1000,000852.SH,7301.6099999999997,7276.4300000000003,7270.5799999999999,7288.1300000000001,7248.1999999999998,7243.8199999999997
2021-07-14,CSI300,000300.SH,5130.75,5104.3100000000004,5103.0100000000002,5105.6099999999997,5078.5,5083.0799999999999
2021-07-15,CSI1000,000852.SH,7218.3400000000001,7229.6499999999996,7231.6599999999999,7182.3299999999999,7111.6899999999996,7241.6199999999999
2021-07-15,CSI300,000300.SH,5073.2600000000002,5078.4300000000003,5093.1800000000003,5082.6400000000003,5073.7799999999997,5151.46
2021-07-16,CSI1000,000852.SH,7230.8500000000004,7216.3000000000002,7255.2200000000003,7273.0500000000002,7276.54,7228.3599999999997
2021-07-16,CSI300,000300.SH,5140.8999999999996,5130.1700000000001,5131.1199999999999,5133.6599999999999,5123.1300000000001,5094.7700000000004
2021-07-19,CSI1000,000852.SH,7213.6300000000001,7238.3000000000002,7235.5299999999997,7252.7399999999998,7210.9300000000003,7205.2700000000004
2021-07-19,CSI300,000300.SH,5083.7299999999996,5076.0299999999997,5081.5600000000004,5071.8400000000001,5057.04,5113.4899999999998
2021-07-20,CSI1000,000852.SH,7145.54,7170.5299999999997,7196.1800000000003,7196.6400000000003,7195.6599999999999,7253.2799999999997
2021-07-20,CSI300,000300.SH,5080.2200000000003,5098.0799999999999,5099.0600000000004,5091.0299999999997,5089.8100000000004,5108.9899999999998
2021-07-21,CSI1000,000852.SH,7285.4099999999999,7306.0600000000004,7330.46,7341.2700000000004,7347,7398.8100000000004
2021-07-21,CSI300,000300.SH,5122.7799999999997,5127.1400000000003,5154.8000000000002,5148.96,5131.5500000000002,5144.04
2021-07-22,CSI1000,000852.SH,7405.6499999999996,7380.1800000000003,7390.4200000000001,7404.4399999999996,7374.2600000000002,7446.4799999999996
2021-07-22,CSI300,000300.SH,5150.3900000000003,5145.5100000000002,5159.5900000000001,5150.5900000000001,5141.2399999999998,5151.75
2021-07-23,CSI1000,000852.SH,7442.6199999999999,7444.6999999999998,7428.8000000000002,7464.96,7428.5600000000004,7379.79
2021-07-23,CSI300,000300.SH,5145.4300000000003,5124.3400000000001,5108.75,5109.71,5099.6800000000003,5089.2299999999996
2021-07-26,CSI1000,000852.SH,7368.1300000000001,7383.7799999999997,7362.9799999999996,7372.8000000000002,7357.1700000000001,7286.1499999999996
2021-07-26,CSI300,000300.SH,5067.3100000000004,5033.1000000000004,5007.5699999999997,4997.3000000000002,4981.3000000000002,4925.3000000000002
2021-07-27,CSI1000,000852.SH,7298.3299999999999,7336.5200000000004,7339.9300000000003,7320.2799999999997,7260.0799999999999,7093.8699999999999
2021-07-27,CSI300,000300.SH,4924.2799999999997,4923.3999999999996,4912.5,4911.6700000000001,4890.2700000000004,4751.3100000000004
2021-07-28,CSI1000,000852.SH,7019.0500000000002,6986.9200000000001,6862.3000000000002,6893.6599999999999,7035.2799999999997,6945.5100000000002
2021-07-28,CSI300,000300.SH,4714.29,4725.4399999999996,4709.7299999999996,4694.2299999999996,4761.04,4760.4799999999996
2021-07-29,CSI1000,000852.SH,7057.8800000000001,7077.3000000000002,7119.3900000000003,7078.3000000000002,7092.1499999999996,7207.4799999999996
2021-07-29,CSI300,000300.SH,4845.7600000000002,4827.3500000000004,4830.2700000000004,4820.2600000000002,4803.1000000000004,4850.2700000000004
2021-07-30,CSI1000,000852.SH,7209.04,7211.6199999999999,7200.6800000000003,7180.7700000000004,7226.4899999999998,7262.3800000000001
2021-07-30,CSI300,000300.SH,4825.6999999999998,4798.0799999999999,4782.1199999999999,4767.1099999999997,4807.8699999999999,4811.1700000000001
2021-08-02,CSI1000,000852.SH,7264.3699999999999,7301.3999999999996,7313.6700000000001,7289.9799999999996,7330.9200000000001,7402.3500000000004
2021-08-02,CSI300,000300.SH,4794.8199999999997,4779.3800000000001,4781.3400000000001,4764.2399999999998,4851.2299999999996,4933.7399999999998
2021-08-03,CSI1000,000852.SH,7375.2200000000003,7359.8100000000004,7406.8599999999997,7365.5200000000004,7336.5100000000002,7308.96
2021-08-03,CSI300,000300.SH,4909.2299999999996,4894.4799999999996,4906.7200000000003,4904.5600000000004,4916.7600000000002,4934.46
2021-08-04,CSI1000,000852.SH,7295.5699999999997,7313.0900000000001,7355.3800000000001,7388.4200000000001,7395.9300000000003,7478.21
2021-08-04,CSI300,000300.SH,4927.7399999999998,4928.8299999999999,4934.8699999999999,4958.7700000000004,4966.8100000000004,4978.8500000000004
2021-08-05,CSI1000,000852.SH,7454.2799999999997,7412,7457.9799999999996,7443.1700000000001,7472.5900000000001,7447.9399999999996
2021-08-05,CSI300,000300.SH,4946.1700000000001,4931.8900000000003,4973.6999999999998,4991.9200000000001,4981.3299999999999,4948.6700000000001
2021-08-06,CSI1000,000852.SH,7462.8599999999997,7467.4899999999998,7459.9099999999999,7465.1599999999999,7480.6700000000001,7482.1700000000001
2021-08-06,CSI300,000300.SH,4943.04,4930.2200000000003,4920.0900000000001,4914.9099999999999,4921.0500000000002,4921.5600000000004
2021-08-09,CSI1000,000852.SH,7459.3500000000004,7459.1099999999997,7408.7200000000003,7444.6599999999999,7421.7299999999996,7507.0799999999999
2021-08-09,CSI300,000300.SH,4890.2600000000002,4904.7399999999998,4934.4099999999999,4938.0600000000004,4955.6499999999996,4985.5600000000004
2021-08-10,CSI1000,000852.SH,7489.1599999999999,7510.4499999999998,7550.9899999999998,7538.1599999999999,7547.8199999999997,7549.5500000000002
2021-08-10,CSI300,000300.SH,4977.8199999999997,4972.0799999999999,4965.0799999999999,4953.4799999999996,4955.1400000000003,5043.1499999999996
2021-08-11,CSI1000,000852.SH,7538.8199999999997,7509.9899999999998,7554.2200000000003,7557.6199999999999,7531.46,7605.9200000000001
2021-08-11,CSI300,000300.SH,5037.0799999999999,5048.1700000000001,5042.2600000000002,5047.2399999999998,5023.29,5015.3400000000001
2021-08-12,CSI1000,000852.SH,7595.2600000000002,7614.3000000000002,7647.1700000000001,7666.1300000000001,7646.4099999999999,7657.5299999999997
2021-08-12,CSI300,000300.SH,4998.0699999999997,5011.6099999999997,5010.6599999999999,5008.2700000000004,4988.4099999999999,4973.3500000000004
2021-08-13,CSI1000,000852.SH,7635.4899999999998,7654.0299999999997,7665.3100000000004,7694.7200000000003,7697.8999999999996,7641.9200000000001
2021-08-13,CSI300,000300.SH,4958.7600000000002,4953.7399999999998,4964.21,4962.75,4969.5200000000004,4945.9799999999996
2021-08-16,CSI1000,000852.SH,7628.1599999999999,7608.3299999999999,7588.3999999999996,7595.1199999999999,7598.2200000000003,7568.1400000000003
2021-08-16,CSI300,000300.SH,4935.9200000000001,4935.3400000000001,4952.1000000000004,4960.4099999999999,4946.9399999999996,4941.0699999999997
2021-08-17,CSI1000,000852.SH,7559.3000000000002,7553.7299999999996,7554.25,7530.0500000000002,7533.0500000000002,7360.0299999999997
2021-08-17,CSI300,000300.SH,4935,4936.8800000000001,4958.75,4964.2799999999997,4951.1899999999996,4837.3999999999996
2021-08-18,CSI1000,000852.SH,7352.9700000000003,7399.5799999999999,7376.9200000000001,7414.6899999999996,7448.3599999999997,7405.4899999999998
2021-08-18,CSI300,000300.SH,4838.4700000000003,4845.9399999999996,4834.2600000000002,4848.4899999999998,4860.1099999999997,4894.2399999999998
2021-08-19,CSI1000,000852.SH,7387.4399999999996,7400.5100000000002,7403.6700000000001,7385.7200000000003,7366.6800000000003,7468.7700000000004
2021-08-19,CSI300,000300.SH,4886.5600000000004,4886.8299999999999,4892.4899999999998,4870.6700000000001,4860.5799999999999,4862.1400000000003
2021-08-20,CSI1000,000852.SH,7438.6999999999998,7385.7399999999998,7431.4799999999996,7497.5200000000004,7463.2600000000002,7467.3599999999997
2021-08-20,CSI300,000300.SH,4817.4899999999998,4813.9399999999996,4798.6899999999996,4826.8999999999996,4785.9300000000003,4769.2700000000004
2021-08-23,CSI1000,000852.SH,7501.4099999999999,7505.46,7551.1800000000003,7570.2799999999997,7625.1000000000004,7652.5600000000004
2021-08-23,CSI300,000300.SH,4777.7299999999996,4770.5600000000004,4786.1499999999996,4809.4300000000003,4826.5900000000001,4835.8800000000001
2021-08-24,CSI1000,000852.SH,7654.1899999999996,7634.8599999999997,7664.46,7684.2700000000004,7713.4700000000003,7715.0699999999997
2021-08-24,CSI300,000300.SH,4844.5900000000001,4844.9200000000001,4869.0100000000002,4864.4700000000003,4861.0500000000002,4888.3900000000003
2021-08-25,CSI1000,000852.SH,7707.0900000000001,7694.2399999999998,7699.5799999999999,7683.79,7706.2200000000003,7769.6300000000001
2021-08-25,CSI300,000300.SH,4890.5200000000004,4882.1800000000003,4893.3400000000001,4887.0600000000004,4883.8400000000001,4898.1599999999999
2021-08-26,CSI1000,000852.SH,7754.6800000000003,7742.0600000000004,7752.4300000000003,7729.6000000000004,7721.1700000000001,7669.5299999999997
2021-08-26,CSI300,000300.SH,4892.1999999999998,4861.04,4859.6800000000003,4852.8699999999999,4834.2200000000003,4801.6099999999997
2021-08-27,CSI1000,000852.SH,7634.9300000000003,7647.7600000000002,7606.6199999999999,7622.6499999999996,7653.3800000000001,7680.0799999999999
2021-08-27,CSI300,000300.SH,4794.9700000000003,4814.5100000000002,4821.5299999999997,4835.29,4859.0699999999997,4827.04
2021-08-30,CSI1000,000852.SH,7701.4200000000001,7718.6400000000003,7735.1000000000004,7780.1400000000003,7774.46,7727.75
2021-08-30,CSI300,000300.SH,4847.0299999999997,4826.1099999999997,4805.46,4832.7399999999998,4818.3199999999997,4813.2700000000004
2021-08-31,CSI1000,000852.SH,7714.1700000000001,7666.7200000000003,7727.3500000000004,7696.3699999999999,7700.6899999999996,7728.4200000000001
2021-08-31,CSI300,000300.SH,4803.0900000000001,4817.9200000000001,4806.3599999999997,4782.7200000000003,4762.1599999999999,4805.6099999999997
2021-09-01,CSI1000,000852.SH,7738.2700000000004,7721.0900000000001,7730.8199999999997,7696.1999999999998,7604.0799999999999,7606.8699999999999
2021-09-01,CSI300,000300.SH,4804.6899999999996,4784.5500000000002,4796.5200000000004,4813.7700000000004,4824.6000000000004,4869.46
2021-09-02,CSI1000,000852.SH,7572.0500000000002,7579.3999999999996,7608.2299999999996,7662.3699999999999,7654.1700000000001,7690.8599999999997
2021-09-02,CSI300,000300.SH,4865.8199999999997,4874.0799999999999,4890.0900000000001,4864.6000000000004,4862.0900000000001,4869.4099999999999
2021-09-03,CSI1000,000852.SH,7696.46,7719.3900000000003,7753.3699999999999,7764.3199999999997,7646.79,7630.8400000000001
2021-09-03,CSI300,000300.SH,4875.0699999999997,4844.6599999999999,4846.7700000000004,4854.7700000000004,4860.0799999999999,4843.0600000000004
2021-09-06,CSI1000,000852.SH,7625.7399999999998,7635.8000000000002,7644.8599999999997,7605.5299999999997,7635.1300000000001,7735.1000000000004
2021-09-06,CSI300,000300.SH,4841.0600000000004,4854.7299999999996,4898.25,4907.8599999999997,4909.6700000000001,4933.7299999999996
2021-09-07,CSI1000,000852.SH,7735.2200000000003,7746.3800000000001,7793.3599999999997,7803.2399999999998,7796.71,7878.3500000000004
2021-09-07,CSI300,000300.SH,4932.9799999999996,4927.3999999999996,4921.4099999999999,4932.04,4931.8000000000002,4992.8299999999999
2021-09-08,CSI1000,000852.SH,7886.2700000000004,7884.2200000000003,7893.1499999999996,7889.1000000000004,7884.75,7894.25
2021-09-08,CSI300,000300.SH,4986.8000000000002,4990.0100000000002,4997.04,4997.0100000000002,4982.3400000000001,4972.1300000000001
2021-09-09,CSI1000,000852.SH,7888.8299999999999,7878.5299999999997,7910.4099999999999,7887.04,7865,7900.2399999999998
2021-09-09,CSI300,000300.SH,4952.4899999999998,4961.0600000000004,4949.8500000000004,4956.9300000000003,4944.1899999999996,4970.0100000000002
2021-09-10,CSI1000,000852.SH,7897.3299999999999,7900.0799999999999,7901.6700000000001,7907.5,7866.2700000000004,7932.6499999999996
2021-09-10,CSI300,000300.SH,4967.9799999999996,4977.8100000000004,4991.3900000000003,4996.2299999999996,5022.0600000000004,5013.5200000000004
2021-09-13,CSI1000,000852.SH,7941.21,7936.6899999999996,7949.21,7923.6899999999996,7910.4899999999998,7947.4799999999996
2021-09-13,CSI300,000300.SH,5006.7700000000004,5029.7200000000003,5008.4099999999999,5005.6800000000003,5002.0299999999997,4991.6599999999999
2021-09-14,CSI1000,000852.SH,7927.8900000000003,7933.3400000000001,7942.54,7956.9099999999999,8013.7399999999998,7916.8999999999996
2021-09-14,CSI300,000300.SH,4989.8299999999999,4988.2399999999998,4966.4099999999999,4969.6700000000001,4980.0799999999999,4917.1599999999999
2021-09-15,CSI1000,000852.SH,7900.6899999999996,7885.9200000000001,7907.3400000000001,7923.8000000000002,7958.8199999999997,7972.2299999999996
2021-09-15,CSI300,000300.SH,4903.8500000000004,4887.6899999999996,4876.9700000000003,4882.4399999999996,4898.1800000000003,4867.3199999999997
2021-09-16,CSI1000,000852.SH,7974.0799999999999,7982.1899999999996,7971.3199999999997,7956.2700000000004,7920.0200000000004,7754.9499999999998
2021-09-16,CSI300,000300.SH,4866.79,4870.1499999999996,4862.0500000000002,4850.1099999999997,4840.0200000000004,4807.6999999999998
2021-09-17,CSI1000,000852.SH,7740.5600000000004,7763.6400000000003,7768.0500000000002,7765.4099999999999,7720.5200000000004,7730.2200000000003
2021-09-17,CSI300,000300.SH,4797.1099999999997,4805.1800000000003,4816.1700000000001,4816.5799999999999,4796.9700000000003,4855.9399999999996
2021-09-22,CSI1000,000852.SH,7640.4700000000003,7671.5600000000004,7709.4099999999999,7728.8299999999999,7702.2299999999996,7769.0600000000004
2021-09-22,CSI300,000300.SH,4770.7299999999996,4787.3800000000001,4812.5100000000002,4802.5900000000001,4790.8000000000002,4821.7700000000004
2021-09-23,CSI1000,000852.SH,7818.7299999999996,7817.71,7821.7299999999996,7828.5799999999999,7830.2399999999998,7806.8000000000002
2021-09-23,CSI300,000300.SH,4848.2200000000003,4859.4200000000001,4875.2399999999998,4857.1499999999996,4862.3100000000004,4853.1999999999998
2021-09-24,CSI1000,000852.SH,7799.9200000000001,7793.5200000000004,7743.8299999999999,7755.3199999999997,7763.8900000000003,7695.6199999999999
2021-09-24,CSI300,000300.SH,4845.6400000000003,4852.7299999999996,4856.1700000000001,4878.5699999999997,4892.4300000000003,4849.4300000000003
2021-09-27,CSI1000,000852.SH,7717.1000000000004,7705.8599999999997,7609.1199999999999,7615.2799999999997,7548.9899999999998,7467.8199999999997
2021-09-27,CSI300,000300.SH,4870.8500000000004,4881.04,4874.3500000000004,4917.7399999999998,4886.5600000000004,4877.3699999999999
2021-09-28,CSI1000,000852.SH,7428.4099999999999,7424.3500000000004,7495.7799999999997,7483.2700000000004,7468.0699999999997,7468.7299999999996
2021-09-28,CSI300,000300.SH,4869.0799999999999,4853.96,4869.0699999999997,4886.71,4879.3100000000004,4883.8299999999999
2021-09-29,CSI1000,000852.SH,7409.96,7400.7600000000002,7404.5299999999997,7372.1400000000003,7335.9799999999996,7199.1800000000003
2021-09-29,CSI300,000300.SH,4846.0200000000004,4837.04,4828.8500000000004,4821.9399999999996,4844.2200000000003,4833.9300000000003
2021-09-30,CSI1000,000852.SH,7237.54,7293.6400000000003,7332.6999999999998,7344.0699999999997,7340.5699999999997,7405.46
2021-09-30,CSI300,000300.SH,4843.9499999999998,4864.8999999999996,4854.3500000000004,4860.3199999999997,4864.1000000000004,4866.3800000000001
2021-10-08,CSI1000,000852.SH,7501.2399999999998,7497.7600000000002,7487.2799999999997,7460.3599999999997,7426.1000000000004,7425.6700000000001
2021-10-08,CSI300,000300.SH,4915.7299999999996,4904.8199999999997,4928.9300000000003,4926.3299999999999,4928.04,4929.9399999999996
2021-10-11,CSI1000,000852.SH,7441.6199999999999,7397.4899999999998,7367.1999999999998,7403.2799999999997,7400.5,7384.8400000000001
2021-10-11,CSI300,000300.SH,4941.29,4961.9700000000003,4967.0699999999997,4964.54,4952.1999999999998,4936.1899999999996
2021-10-12,CSI1000,000852.SH,7366.1599999999999,7362.6700000000001,7319.1700000000001,7301.7600000000002,7280.8900000000003,7208.4700000000003
2021-10-12,CSI300,000300.SH,4920.6599999999999,4906.2399999999998,4912.8999999999996,4923.6300000000001,4911.8000000000002,4883.8400000000001
2021-10-13,CSI1000,000852.SH,7213,7200.0799999999999,7193.0900000000001,7154.5799999999999,7194.0500000000002,7289.3599999999997
2021-10-13,CSI300,000300.SH,4880.1400000000003,4887.0200000000004,4875.3299999999999,4872.3400000000001,4880.9499999999998,4940.1099999999997
2021-10-14,CSI1000,000852.SH,7276.5100000000002,7297.0299999999997,7275.5799999999999,7298.96,7296.2200000000003,7342.25
2021-10-14,CSI300,000300.SH,4934.2600000000002,4953.6499999999996,4937.46,4931.9499999999998,4908.7299999999996,4913.6099999999997
2021-10-15,CSI1000,000852.SH,7321.5799999999999,7315.2700000000004,7303.8299999999999,7316.3000000000002,7331.1000000000004,7350.4099999999999
2021-10-15,CSI300,000300.SH,4896.5600000000004,4897.6700000000001,4908,4909.6599999999999,4927.1599999999999,4932.1099999999997
2021-10-18,CSI1000,000852.SH,7344.5699999999997,7327.0799999999999,7349.9799999999996,7346.6999999999998,7336.9799999999996,7429.6300000000001
2021-10-18,CSI300,000300.SH,4922.5100000000002,4890.7799999999997,4865.4499999999998,4871.1000000000004,4850.3900000000003,4874.7799999999997
2021-10-19,CSI1000,000852.SH,7420.4799999999996,7439.7399999999998,7467.8900000000003,7449.8599999999997,7476.8199999999997,7504.0500000000002
2021-10-19,CSI300,000300.SH,4869.3900000000003,4891.1400000000003,4903.2200000000003,4909.6400000000003,4909.6099999999997,4922.7200000000003
2021-10-20,CSI1000,000852.SH,7467.3400000000001,7475.4799999999996,7481.1300000000001,7493.6700000000001,7507.1999999999998,7523.5600000000004
2021-10-20,CSI300,000300.SH,4926.7700000000004,4937.6700000000001,4913.9700000000003,4909.5,4901.9799999999996,4910.1800000000003
2021-10-21,CSI1000,000852.SH,7520.9300000000003,7531.7600000000002,7514.8400000000001,7541.5699999999997,7533.3900000000003,7503.5299999999997
2021-10-21,CSI300,000300.SH,4914.7399999999998,4912.1300000000001,4908.0900000000001,4913.54,4925.4099999999999,4928.0200000000004
2021-10-22,CSI1000,000852.SH,7506.8699999999999,7505.71,7489.6700000000001,7510.2399999999998,7510.5699999999997,7438.4799999999996
2021-10-22,CSI300,000300.SH,4934.8699999999999,4949.96,4942.3100000000004,4943.8199999999997,4945.9099999999999,4959.7299999999996
2021-10-25,CSI1000,000852.SH,7438.4300000000003,7443.6300000000001,7458.7700000000004,7452.6899999999996,7473.6300000000001,7532.3699999999999
2021-10-25,CSI300,000300.SH,4940.8999999999996,4941.75,4937.75,4946.4099999999999,4949.8100000000004,4979.5200000000004
2021-10-26,CSI1000,000852.SH,7547.75,7552.8800000000001,7560.6700000000001,7567.1599999999999,7564.3000000000002,7508.6899999999996
2021-10-26,CSI300,000300.SH,4983.2399999999998,4977.54,4989.1999999999998,4965.0799999999999,4976.6800000000003,4963.1000000000004
2021-10-27,CSI1000,000852.SH,7490.6899999999996,7483.7399999999998,7470.25,7466.54,7418.5600000000004,7433.5500000000002
2021-10-27,CSI300,000300.SH,4949.2299999999996,4927.3500000000004,4922.7600000000002,4935.8299999999999,4898.1300000000001,4898.1599999999999
2021-10-28,CSI1000,000852.SH,7395.4899999999998,7399.8100000000004,7404.5600000000004,7362.3699999999999,7310.4799999999996,7267.8500000000004
2021-10-28,CSI300,000300.SH,4882.5900000000001,4878.7299999999996,4878.0100000000002,4886.9200000000001,4875.1899999999996,4864.1400000000003
2021-10-29,CSI1000,000852.SH,7276.5100000000002,7294.04,7270.25,7268.7700000000004,7291.9200000000001,7385.3000000000002
2021-10-29,CSI300,000300.SH,4861.2700000000004,4872.9799999999996,4866.5299999999997,4867.5500000000002,4869.0500000000002,4908.7700000000004
2021-11-01,CSI1000,000852.SH,7374.4499999999998,7385.5600000000004,7395.3599999999997,7405.7700000000004,7427.0600000000004,7455.6099999999997
2021-11-01,CSI300,000300.SH,4878.1300000000001,4868.9099999999999,4877.6000000000004,4875.7299999999996,4891.3599999999997,4890.6899999999996
2021-11-02,CSI1000,000852.SH,7462.1300000000001,7469.8400000000001,7478.2399999999998,7483.0299999999997,7466.6000000000004,7368.6000000000004
2021-11-02,CSI300,000300.SH,4886.1899999999996,4895.6999999999998,4907.5600000000004,4901.7700000000004,4883.1199999999999,4839.8500000000004
2021-11-03,CSI1000,000852.SH,7362.1199999999999,7381.2200000000003,7381.3900000000003,7329.7799999999997,7357.25,7385.1999999999998
2021-11-03,CSI300,000300.SH,4835.8100000000004,4837.3199999999997,4846.6300000000001,4837.1099999999997,4834.2200000000003,4821.1099999999997
2021-11-04,CSI1000,000852.SH,7402.6599999999999,7415.8999999999996,7436.0299999999997,7448.0600000000004,7451.2299999999996,7483.6899999999996
2021-11-04,CSI300,000300.SH,4841.0900000000001,4836.6899999999996,4845.2799999999997,4848.1800000000003,4867.2600000000002,4868.7399999999998
2021-11-05,CSI1000,000852.SH,7476.1400000000003,7479.7700000000004,7474.6499999999996,7476.8400000000001,7480.8199999999997,7389.5900000000001
2021-11-05,CSI300,000300.SH,4858.8999999999996,4856.7299999999996,4868.4200000000001,4870.2700000000004,4884.7399999999998,4842.3500000000004
2021-11-08,CSI1000,000852.SH,7376.71,7372.8299999999999,7364.21,7365.9099999999999,7391.4099999999999,7422.9099999999999
2021-11-08,CSI300,000300.SH,4841.1499999999996,4831.7299999999996,4845.1899999999996,4834.8800000000001,4841.5799999999999,4848.1800000000003
2021-11-09,CSI1000,000852.SH,7443.4499999999998,7465.7799999999997,7467.8299999999999,7473.6300000000001,7478.9799999999996,7531.96
2021-11-09,CSI300,000300.SH,4858.25,4870.1499999999996,4848.2799999999997,4848.1000000000004,4834.7600000000002,4846.7399999999998
2021-11-10,CSI1000,000852.SH,7516,7525.0500000000002,7507.5500000000002,7510.8199999999997,7468.1700000000001,7535.2299999999996
2021-11-10,CSI300,000300.SH,4832.8000000000002,4828.3199999999997,4808.7399999999998,4810.1199999999999,4771,4821.1899999999996
2021-11-11,CSI1000,000852.SH,7524.1599999999999,7547.0600000000004,7551.0699999999997,7576.21,7551.5500000000002,7593.7299999999996
2021-11-11,CSI300,000300.SH,4814.7700000000004,4835.8199999999997,4855.3100000000004,4865.8100000000004,4865.8500000000004,4898.6499999999996
2021-11-12,CSI1000,000852.SH,7593.4499999999998,7610.1999999999998,7636.7700000000004,7642.8500000000004,7651.9700000000003,7697.8100000000004
2021-11-12,CSI300,000300.SH,4902.9300000000003,4898.6000000000004,4892.8400000000001,4901.6099999999997,4885.1899999999996,4888.3800000000001
2021-11-15,CSI1000,000852.SH,7713.8500000000004,7712.5,7679.2799999999997,7662.3500000000004,7688.2700000000004,7676.4799999999996
2021-11-15,CSI300,000300.SH,4894.4099999999999,4898.1599999999999,4884.5900000000001,4871.8000000000002,4887.8500000000004,4882.3800000000001
2021-11-16,CSI1000,000852.SH,7659.0200000000004,7671.6000000000004,7666.5799999999999,7687.5,7668.1199999999999,7589.1800000000003
2021-11-16,CSI300,000300.SH,4880.8999999999996,4893.7299999999996,4887.1300000000001,4904.8500000000004,4907.21,4883.3199999999997
2021-11-17,CSI1000,000852.SH,7603.3299999999999,7613.6400000000003,7630.7299999999996,7621.3800000000001,7673.1499999999996,7725.0900000000001
2021-11-17,CSI300,000300.SH,4883.25,4880.4200000000001,4878.79,4865.3400000000001,4887.5100000000002,4885.75
2021-11-18,CSI1000,000852.SH,7724.0299999999997,7720.2299999999996,7703.9899999999998,7698.2799999999997,7707.3400000000001,7714.8000000000002
2021-11-18,CSI300,000300.SH,4871.4200000000001,4859.0799999999999,4852.2600000000002,4850.0299999999997,4837.3100000000004,4837.6199999999999
2021-11-19,CSI1000,000852.SH,7709.3100000000004,7744.1000000000004,7734.5500000000002,7743.5900000000001,7733.2700000000004,7803.7600000000002
2021-11-19,CSI300,000300.SH,4832.0600000000004,4842.75,4858.4200000000001,4853.46,4852.29,4890.0600000000004
2021-11-22,CSI1000,000852.SH,7822.96,7853.4499999999998,7854.0799999999999,7879.3199999999997,7899.1300000000001,7947.3699999999999
2021-11-22,CSI300,000300.SH,4895.3900000000003,4897.9799999999996,4905.79,4914.1499999999996,4905.0600000000004,4912.3999999999996
2021-11-23,CSI1000,000852.SH,7950.25,7963.5500000000002,7949.4499999999998,7950.7200000000003,7946.25,7941.5600000000004
2021-11-23,CSI300,000300.SH,4905.7600000000002,4916.6199999999999,4924.71,4913.0100000000002,4915.4700000000003,4913.3500000000004
2021-11-24,CSI1000,000852.SH,7939.5900000000001,7950.21,7954.7200000000003,7953.7799999999997,7931.1499999999996,7938.7700000000004
2021-11-24,CSI300,000300.SH,4914.0299999999997,4919.0900000000001,4914.4099999999999,4906.8000000000002,4908.1400000000003,4916.6599999999999
2021-11-25,CSI1000,000852.SH,7937.3999999999996,7939.3400000000001,7933.4200000000001,7938.79,7932.6999999999998,7925.7600000000002
2021-11-25,CSI300,000300.SH,4917.6099999999997,4917.79,4905.1700000000001,4901.7799999999997,4899.5299999999997,4896.4399999999996
2021-11-26,CSI1000,000852.SH,7912.8900000000003,7924.79,7921.54,7939.0799999999999,7932.3800000000001,7940.79
2021-11-26,CSI300,000300.SH,4886.9499999999998,4874.4799999999996,4875.3000000000002,4885.1700000000001,4875.3699999999999,4860.1300000000001
2021-11-29,CSI1000,000852.SH,7837.3900000000003,7901.9700000000003,7914.8000000000002,7934.8500000000004,7967.0799999999999,7999.8299999999999
2021-11-29,CSI300,000300.SH,4820.0100000000002,4843.7200000000003,4850.1400000000003,4845.3100000000004,4846.1300000000001,4851.4200000000001
2021-11-30,CSI1000,000852.SH,8037.2600000000002,8037.8100000000004,8040.6999999999998,8051.3199999999997,8054.6000000000004,8054.29
2021-11-30,CSI300,000300.SH,4857.1800000000003,4862.3599999999997,4868.96,4856.3400000000001,4840.1199999999999,4832.0299999999997
2021-12-01,CSI1000,000852.SH,8050.8900000000003,8054.5100000000002,8039.3500000000004,8039.8999999999996,8037.8199999999997,8055.8199999999997
2021-12-01,CSI300,000300.SH,4831.8900000000003,4833.4099999999999,4830.8599999999997,4828.7299999999996,4839.3500000000004,4843.8500000000004
2021-12-02,CSI1000,000852.SH,8045.7299999999996,8039.7200000000003,8025.6300000000001,8040.8100000000004,7995.1300000000001,7968.2399999999998
2021-12-02,CSI300,000300.SH,4839.9099999999999,4839.5600000000004,4856.9899999999998,4858.79,4846.8000000000002,4856.1599999999999
2021-12-03,CSI1000,000852.SH,7973.6199999999999,7986.9499999999998,7956.1599999999999,7994.0600000000004,7996.3999999999996,8023.96
2021-12-03,CSI300,000300.SH,4856.9799999999996,4859.7299999999996,4870.9300000000003,4870.4899999999998,4857.4200000000001,4901.0200000000004
2021-12-06,CSI1000,000852.SH,8018.46,8012.96,7985.8900000000003,8002.5100000000002,7988.6899999999996,7906.7600000000002
2021-12-06,CSI300,000300.SH,4909.4300000000003,4908,4932.8100000000004,4935.1000000000004,4928.1599999999999,4892.6199999999999
2021-12-07,CSI1000,000852.SH,7937.2299999999996,7904.46,7866.5200000000004,7842.6099999999997,7736.6000000000004,7781.4399999999996
2021-12-07,CSI300,000300.SH,4930.8299999999999,4926.4300000000003,4927.6499999999996,4927.1899999999996,4897.2700000000004,4922.1000000000004
2021-12-08,CSI1000,000852.SH,7806.3800000000001,7816.4899999999998,7841.4899999999998,7853.3900000000003,7879.6899999999996,7922.5500000000002
2021-12-08,CSI300,000300.SH,4934.4099999999999,4920.1800000000003,4927.8400000000001,4929.3000000000002,4950.0200000000004,4995.9300000000003
2021-12-09,CSI1000,000852.SH,7924.5299999999997,7921.8599999999997,7913.1599999999999,7912.3400000000001,7917.5900000000001,7931.7600000000002
2021-12-09,CSI300,000300.SH,5000.6899999999996,5010.8800000000001,5015.8699999999999,5034.3599999999997,5057.4899999999998,5078.6899999999996
2021-12-10,CSI1000,000852.SH,7898.6400000000003,7902.5,7914.3599999999997,7927.6000000000004,7936.9899999999998,7949.1199999999999
2021-12-10,CSI300,000300.SH,5046.2700000000004,5051.9799999999996,5046.3100000000004,5052.5299999999997,5054.5699999999997,5055.1199999999999
2021-12-13,CSI1000,000852.SH,7963.4799999999996,7945.2700000000004,7952.21,7945.5200000000004,7951.6000000000004,7984.8999999999996
2021-12-13,CSI300,000300.SH,5090.0200000000004,5092.9700000000003,5129.4899999999998,5136.8800000000001,5103.0200000000004,5083.8000000000002
2021-12-14,CSI1000,000852.SH,7969.6000000000004,7961.7200000000003,7971.6199999999999,7961.8599999999997,7966.3999999999996,7981.8299999999999
2021-12-14,CSI300,000300.SH,5066.3500000000004,5073.6300000000001,5061.4899999999998,5059.5100000000002,5056.9300000000003,5049.6999999999998
2021-12-15,CSI1000,000852.SH,7982.1000000000004,8000.5699999999997,8004.9899999999998,8018.2700000000004,8007.5699999999997,7955.5799999999999
2021-12-15,CSI300,000300.SH,5036.2799999999997,5041.0799999999999,5041.29,5057.1999999999998,5038.0200000000004,5005.8999999999996
2021-12-16,CSI1000,000852.SH,7966.5,7992.6400000000003,7977.1300000000001,7966.9099999999999,7985.9700000000003,8005.9799999999996
2021-12-16,CSI300,000300.SH,5006.6099999999997,5011.5,4991.8199999999997,5004.9300000000003,5011.1099999999997,5034.7299999999996
2021-12-17,CSI1000,000852.SH,7997.4700000000003,7969.1700000000001,7965.5699999999997,7949.4799999999996,7931.3199999999997,7894.1000000000004
2021-12-17,CSI300,000300.SH,5021.3400000000001,5014.7600000000002,5012.8199999999997,4995.4799999999996,4984.4499999999998,4954.7600000000002
2021-12-20,CSI1000,000852.SH,7873.6700000000001,7886.2200000000003,7899.3800000000001,7835.21,7821.6099999999997,7751.9499999999998
2021-12-20,CSI300,000300.SH,4934.9700000000003,4949.1400000000003,4954.4200000000001,4919.1599999999999,4926.25,4880.4200000000001
2021-12-21,CSI1000,000852.SH,7749.8199999999997,7782.6800000000003,7774.1000000000004,7798.1899999999996,7779.1400000000003,7849.0299999999997
2021-12-21,CSI300,000300.SH,4876.5100000000002,4897.4499999999998,4888.4700000000003,4901.9499999999998,4885.3500000000004,4913.4899999999998
2021-12-22,CSI1000,000852.SH,7868.3000000000002,7866.8500000000004,7869.8999999999996,7895.2600000000002,7914.7299999999996,7930.8100000000004
2021-12-22,CSI300,000300.SH,4924.5799999999999,4927.46,4914.1800000000003,4925.79,4924.1800000000003,4914.4499999999998
2021-12-23,CSI1000,000852.SH,7932.1000000000004,7895.2600000000002,7916.1400000000003,7914.96,7927.2399999999998,7932.6599999999999
2021-12-23,CSI300,000300.SH,4924.29,4918.8900000000003,4935.3999999999996,4920.3599999999997,4923.5600000000004,4948.7399999999998
2021-12-24,CSI1000,000852.SH,7940.3800000000001,7910.46,7906.5500000000002,7866.75,7823.96,7776.6099999999997
2021-12-24,CSI300,000300.SH,4953.0600000000004,4950.54,4957.8100000000004,4930.3999999999996,4921.5900000000001,4921.3400000000001
2021-12-27,CSI1000,000852.SH,7768.3800000000001,7777.1899999999996,7795.1300000000001,7802.3999999999996,7825.21,7776.4300000000003
2021-12-27,CSI300,000300.SH,4918.1499999999996,4929,4937.1300000000001,4928.6999999999998,4933.5100000000002,4919.3199999999997
2021-12-28,CSI1000,000852.SH,7794.0299999999997,7791.1800000000003,7794.3400000000001,7802.6499999999996,7789.4300000000003,7863.5299999999997
2021-12-28,CSI300,000300.SH,4923.6899999999996,4927.9399999999996,4924.1899999999996,4917.8999999999996,4920.21,4955.96
2021-12-29,CSI1000,000852.SH,7858.9399999999996,7845.6499999999996,7860.1800000000003,7883.6700000000001,7859.0600000000004,7855.4300000000003
2021-12-29,CSI300,000300.SH,4958.6499999999996,4945.6700000000001,4929.79,4918.3299999999999,4908.8800000000001,4883.4799999999996
2021-12-30,CSI1000,000852.SH,7863.1700000000001,7865.6199999999999,7892.1599999999999,7903.04,7930.0100000000002,7924.5299999999997
2021-12-30,CSI300,000300.SH,4882.1599999999999,4884.96,4900.1199999999999,4919.8699999999999,4936.3900000000003,4921.5100000000002
2021-12-31,CSI1000,000852.SH,7946.9399999999996,7959.8000000000002,7996.6099999999997,7995.0200000000004,8003.8199999999997,8010.3199999999997
2021-12-31,CSI300,000300.SH,4937.46,4934.8599999999997,4945.8999999999996,4937.79,4936.7799999999997,4940.3699999999999
