trading_day,holiday_reopen,a50_ordinary_preauction_closure_return,a50_ordinary_signed_square,marginal_slope
2015-02-03,0,0.010924981791699999,0.00011935522714897652,0.52546480363909442
2015-02-04,0,0.0123135211935,0.00015162280418277367,0.55873712287375454
2015-02-05,0,0.038793103448299997,0.0015049048751505051,1.1932435062288345
2015-02-06,0,0,0,0.26367930346886054
2015-02-09,0,-0.0048923679060700002,-2.3935263728343756e-05,0.38091070977475988
2015-02-10,0,0.0028770079117700002,8.2771745243871775e-06,0.33261845316599092
2015-02-11,0,0.0054424988168499996,2.9620793371413644e-05,0.39409300136878905
2015-02-12,0,-0.00212414444182,-4.5119896097147993e-06,0.3145782638275984
2015-02-13,0,-0.00070406007979400003,-4.9570059595953365e-07,0.28055006111889108
2015-02-16,0,0.00398406374502,1.5872763924382787e-05,0.35914583513782206
2015-02-17,0,0.0027958993476200002,7.8170531620219426e-06,0.33067492168567036
2015-02-26,0,-0.00023512814483900001,-5.5285244495429769e-08,0.26931346745873008
2015-03-02,0,0.0144462279294,0.00020869350138817661,0.60984125377474818
2015-03-03,0,-0.0029809676679699998,-8.8861682374824992e-06,0.33510954718273961
2015-03-04,0,0.0035697287006199998,1.2742962996030152e-05,0.34921749759874121
2015-03-05,0,-0.00454436737623,-2.0651274850143536e-05,0.3725718864704608
2015-03-06,0,-0.00096781998548299997,-9.3667552430031427e-07,0.28687030220964571
2015-03-09,0,-0.0077707625060699998,-6.0384749925743306e-05,0.44988308743316219
2015-03-10,0,-0.0016556291390699999,-2.7411078461376693e-06,0.30335165354976723
2015-03-11,0,-0.0060067275348400003,-3.6080775677805028e-05,0.40761310602119583
2015-03-12,0,0.0071650346310000003,5.1337721263429312e-05,0.43536857585175859
2015-03-13,0,0.0062298107983399997,3.8810542583113661e-05,0.4129586493665699
2015-03-16,0,0.00046061722708400001,2.1216822988655324e-07,0.27471665927212796
2015-03-17,0,0.0099099099099099995,9.8206314422532418e-05,0.50114155025985141
2015-03-18,0,0.00555926173004,3.0905390983087333e-05,0.39689088590659216
2015-03-19,0,-0.0019459459459499999,-3.7867056245592401e-06,0.31030825374791549
2015-03-20,0,0.0047888550283000002,2.2933132482074196e-05,0.37843032390339243
2015-03-23,0,0.011570602099900001,0.00013387883295421031,0.54093522167041808
2015-03-24,0,0.0035956006768199998,1.2928344227148441e-05,0.34983744446538539
2015-03-25,0,-0.0042607584150000004,-1.8154062270993316e-05,0.36577602033686585
2015-03-26,0,-0.00064878892733599995,-4.2092707223379742e-07,0.27922564826703666
2015-03-27,0,-0.0023600085818499998,-5.5696405064056477e-06,0.32023006380742858
2015-03-30,0,0.0066366944979699997,4.4045713859385269e-05,0.42270843704124395
2015-04-01,0,-0.0023002927645299999,-5.2913468025490694e-06,0.3187991474541339
2015-04-02,0,0.0070204418748699999,4.9286604118428197e-05,0.43190382984977965
2015-04-03,0,-0.0066555740432599998,-4.4296665845316259e-05,0.42316083058303311
2015-04-08,0,0.00020104543626899999,4.0419267444592541e-08,0.2684967742064876
2015-04-09,0,-0.00079270709472799999,-6.2838453803210638e-07,0.28267422970658851
2015-04-10,0,-0.00139442231076,-1.9444135807452578e-06,0.29709258955306894
2015-04-13,0,0.0081712062256799993,6.6768611182591579e-05,0.45947855966614792
2015-04-14,0,-0.0055555555555600001,-3.0864197530913584e-05,0.39680207818512736
2015-04-15,0,-0.00038402457757300001,-1.474748761801211e-07,0.27288133858748997
2015-04-16,0,-0.0043511161558800002,-1.8932211801959951e-05,0.36794118150981114
2015-04-17,0,0.015367926234,0.00023617315673366544,0.63192708021146404
2015-04-20,0,-0.0105413614436,-0.00011112030108461666,0.51627245470729721
2015-04-21,0,0.0088954781319499996,7.9129531196000659e-05,0.47683363511224047
2015-04-22,0,0.0079710144927500007,6.3537072043630554e-05,0.4546815454528299
2015-04-23,0,0.0010557803976799999,1.1146722481253387e-06,0.28897801835427722
2015-04-24,0,-0.0089094796863900001,-7.9378828282196056e-05,0.47716914175217107
2015-04-27,0,0.0081286127167600006,6.6074344699072404e-05,0.45845792976952893
2015-04-28,0,0.00017458100558700001,3.0478527511768131e-08,0.26786263088662676
2015-04-29,0,-0.0047013755876700002,-2.210293241633944e-05,0.37633413284728146
2015-05-05,0,0.0015903869941700001,2.5293307912250876e-06,0.30178831478541335
2015-05-06,0,-0.0014692378328699999,-2.1586598095365339e-06,0.29888532653419081
2015-05-07,0,-0.00036982248520700002,-1.3676867056468176e-07,0.27254102663783331
2015-05-08,0,0.00373761913661,1.3969796810353282e-05,0.35324050492245423
2015-05-11,0,0.0029834048107400001,8.9007042647465752e-06,0.33516794624016555
2015-05-12,0,-0.00091575091575099999,-8.385997396987951e-07,0.28562261798251537
2015-05-13,0,0,0,0.26367930346886054
2015-05-14,0,0.0029973772948699998,8.9842706478021983e-06,0.33550275629443693
2015-05-15,0,0.0056380379627899999,3.1787472069861214e-05,0.39877852982995804
2015-05-18,0,-0.00076016723679200003,-5.7785422789198465e-07,0.28189450639467267
2015-05-19,0,0.0034999027804800001,1.2249319472811636e-05,0.34754432195623497
2015-05-20,0,0.0085454207690899998,7.302421612079472e-05,0.46844552577056636
2015-05-21,0,0.0065031586770700001,4.2291072779150835e-05,0.41950863842084646
2015-05-22,0,0.0058586598315600001,3.4323895021934648e-05,0.40406509299002891
2015-05-25,0,-0.0014191946070600001,-2.0141133327081881e-06,0.29768618578058736
2015-05-26,0,0,0,0.26367930346886054
2015-05-27,0,0.0068516615279199996,4.6945265693179025e-05,0.4278594983911424
2015-05-28,0,0.0013874436351000001,1.9249998405795023e-06,0.29692536583288237
2015-06-01,0,-0.0030109145652999999,-9.0656065195356879e-06,0.33582713771474731
2015-06-02,0,-0.0017889087656500001,-3.2001945718194067e-06,0.30654531321639067
2015-06-03,0,-0.0041314891323900003,-1.7069202451056677e-05,0.36267845693127593
2015-06-04,0,-0.0019844849359599999,-3.9381804610521654e-06,0.31123172885919559
2015-06-05,0,0.00070758889085400004,5.0068203845999394e-07,0.28063461884044721
2015-06-08,0,-0.00462798148807,-2.1418212653918611e-05,0.37457545613370313
2015-06-09,0,-0.00050624367195400001,-2.5628265539346916e-07,0.27580996468160307
2015-06-10,0,-0.0098394614189500004,-9.6815001015005558e-05,0.49945345651344236
2015-06-11,0,0.0045398987253400004,2.0610680436343762e-05,0.3724648082134322
2015-06-12,0,0.00351123595506,1.2328777932106111e-05,0.34781588861259272
2015-06-15,0,0.0071891986673700004,5.168457747891459e-05,0.43594759689434359
2015-06-16,0,-0.0023499638467099999,-5.5223300808440602e-06,0.31998937086506596
2015-06-17,0,0.0044239631336399996,1.9571449807805846e-05,0.36968674803544871
2015-06-18,0,0,0,0.26367930346886054
2015-06-19,0,0.00323994663617,1.0497254205229298e-05,0.3413152269739238
2015-06-24,0,-0.00057781201849000003,-3.3386672871148814e-07,0.27752489251869267
2015-06-25,0,0.0085146641437999996,7.2499505481713383e-05,0.46770853245665456
2015-06-26,0,-0.0060159130603499996,-3.61912099496897e-05,0.40783321049695687
2015-06-29,0,0.023590814196199999,0.00055652651443963141,0.82896473931893588
2015-07-01,0,0.0034232782923899999,1.1718834267148593e-05,0.34570823835240061
2015-07-02,0,0.013341804320200001,0.00017800374251850741,0.58337694541737495
2015-07-03,0,0.0084674005080400006,7.1696871363556057e-05,0.46657599651625647
2015-07-06,0,0.0694536606945,0.0048238109838667342,1.9279348281212421
2015-07-07,0,0.0067283431455000004,4.5270601483596842e-05,0.42490453104771586
2015-07-08,0,-0.032459425717900003,-0.0010536143179358682,1.0414752905756504
2015-07-09,0,0.0073546856464999999,5.4091400958833119e-05,0.43991301234575608
2015-07-10,0,0.0084835630965000002,7.1970842812296669e-05,0.46696328606828674
2015-07-13,0,-0.0139225181598,-0.00019383651190996076,0.59729206819322767
2015-07-14,0,-0.00348574943613,-1.2150449131480613e-05,0.34720517811138557
2015-07-15,0,0.00835117773019,6.9742169481221399e-05,0.46379105475518634
2015-07-16,0,0.0025985275010800002,6.7523451738690702e-06,0.32594547787046413
2015-07-17,0,0.0088907705334500004,7.9045800678462808e-05,0.47672083116881792
2015-07-20,0,0.00186335403727,3.4720882682104085e-06,0.30832917821845013
2015-07-21,0,-0.0081743869209799994,-6.6820601533888876e-05,0.45955477580324322
2015-07-22,0,-0.0033977489912900001,-1.1544698207812213e-05,0.34509650270058129
2015-07-23,0,-0.0072202166065000002,-5.2131527844778377e-05,0.43669085183647682
2015-07-24,0,-0.0016467682173700001,-2.711845561739968e-06,0.30313932726278287
2015-07-27,0,-0.00756461441479,-5.7223391244448654e-05,0.44494334636870803
2015-07-28,0,0.002533978346,6.4210462579968955e-06,0.32439874459709411
2015-07-29,0,0.015574896930800001,0.0002425774144050433,0.63688653263119566
2015-07-30,0,0.0026893769609999999,7.2327484383575952e-06,0.32812242166394684
2015-08-03,0,-0.00378340033105,-1.431411806498925e-05,0.35433751845651534
2015-08-04,0,-0.0086489013557700008,-7.4803494661840157e-05,0.47092513787962398
2015-08-05,0,0.000456412596988,2.0831245868933051e-07,0.27461590750762177
2015-08-06,0,-0.00346820809249,-1.2028467372813124e-05,0.34678485069061643
2015-08-07,0,0.00116306117702,1.3527113014911476e-06,0.29154869105777875
2015-08-10,0,-0.0032021957913999999,-1.0254057886459873e-05,0.34041063747726474
2015-08-11,0,0.0039612676056300002,1.5691641043413636e-05,0.3585995917787077
2015-08-12,0,-0.00221092195446,-4.8881758887132261e-06,0.31665763521540702
2015-08-13,0,0.00624721106649,3.9027646109275122e-05,0.41337559632241794
2015-08-14,0,0.0013309671694800001,1.7714736062336033e-06,0.29557207114717304
2015-08-17,0,0,0,0.26367930346886054
2015-08-18,0,0.0011348161597800001,1.2878077164978267e-06,0.29087188114573775
2015-08-19,0,0.0035739814153000001,1.2773343156909792e-05,0.34931940157083119
2015-08-20,0,-0.0096926713947999999,-9.3947878767574171e-05,0.4959360593566523
2015-08-21,0,-0.0115942028986,-0.00013442554085390463,0.54150074635594114
2015-08-24,0,-0.0167709637046,-0.00028126522358101053,0.66554680361252672
2015-08-25,0,-0.010312151616500001,-0.00010634047096168358,0.51078010603565982
2015-08-26,0,0.024505462060799999,0.00060051767081330818,0.85088162241121323
2015-08-27,0,0.030791366906500001,0.00094810827597070345,1.0015050994502548
2015-08-28,0,0.025613372876799999,0.00065604487012599388,0.87742949156472694
2015-09-01,0,-0.0094060736361199996,-8.8474221248111717e-05,0.48906857536132775
2015-09-02,0,-0.0122649223222,-0.00015042831956959984,0.55757259188655917
2015-09-07,1,0,0,0.26367930346886054
2015-09-08,0,0.010065288356899999,0.00010131002970754669,0.50486474405884285
2015-09-09,0,0.021796218487400001,0.00047507514035047759,0.78596245847408519
2015-09-10,0,-0.0075012933264400001,-5.626940156929328e-05,0.44342604015245218
2015-09-11,0,0.0070129870129899997,4.9181986844366399e-05,0.43172519570803325
2015-09-14,0,0.0109660574413,0.00012025441580589109,0.52644906243973821
2015-09-15,0,0.00213276459611,4.5486848224202515e-06,0.3147848208219603
2015-09-16,0,0.012817089452599999,0.00016427778203595016,0.57080367557762268
2015-09-17,0,-0.0059080400719200002,-3.490493749141248e-05,0.40524834722034625
2015-09-18,0,0.0052356020942400001,2.7411529289210275e-05,0.38913532152595492
2015-09-21,0,-0.00655651717808,-4.2987917506458125e-05,0.42078722012849279
2015-09-22,0,0.0038930703348,1.5155996631699783e-05,0.35696544199293506
2015-09-23,0,-0.0104993597951,-0.0001102365561069623,0.51526600702892211
2015-09-24,0,0.00078698845750299997,6.1935083224295118e-07,0.28253719915269082
2015-09-25,0,0.0013140604467800001,1.7267548577916535e-06,0.29516695057648051
2015-09-28,0,-0.0087579617834400002,-7.6701894600195554e-05,0.47353845469339306
2015-09-29,0,-0.019930906191900001,-0.00039724102163031782,0.74126565974604186
2015-10-08,1,0,0,0.26367930346886054
2015-10-09,0,0.018625393494200001,0.00034690528281378774,0.70998283465194112
2015-10-12,0,0.0075285565939800002,5.6679164388759743e-05,0.44407932528054789
2015-10-13,0,0.0070564516128999999,4.9793509365199009e-05,0.43276669877358365
2015-10-14,0,-0.0098784194528899992,-9.7583170887235546e-05,0.50038697279704658
2015-10-15,0,0.010472541506999999,0.00010967412561583782,0.5146233845424204
2015-10-16,0,0.010252563140799999,0.00010511505095609075,0.50935224105492749
2015-10-19,0,0.0044753853804099996,2.0029074303187556e-05,0.37091893302643775
2015-10-20,0,0.0024900398406400002,6.2002984079744779e-06,0.32334588576202139
2015-10-21,0,-0.0012336540834000001,-1.5219023974894943e-06,0.29324024530084386
2015-10-22,0,0.0032597793380100002,1.0626161332516915e-05,0.34179046014775444
2015-10-23,0,0.0099058940069300001,9.8126736076531692e-05,0.50104532079326747
2015-10-26,0,0.0149546457465,0.00022364142940331053,0.62202401206969538
2015-10-27,0,0.0026987242394500002,7.2831125205949817e-06,0.32834640207974236
2015-10-28,0,-0.0061289531748000003,-3.7564067018891001e-05,0.41054188896112387
2015-10-29,0,0.0024894199651499999,6.1972117628874269e-06,0.3233310322438841
2015-11-02,0,-0.0139720558882,-0.0001952183457429843,0.59847909616762163
2015-11-03,0,0.0080685829551199999,6.5102030903652997e-05,0.45701949065121694
2015-11-04,0,0.0058183657981300003,3.3853380560848956e-05,0.40309956335378161
2015-11-05,0,-0.0062953995157400003,-3.9632055062779432e-05,0.41453029273563513
2015-11-06,0,0.0054270882491699998,2.9453286864279093e-05,0.39372373181347675
2015-11-09,0,-0.0025474756831899998,-6.4896323564443566e-06,0.32472216913313634
2015-11-10,0,-0.0056999544003599996,-3.2489480166183324e-05,0.40026217766453254
2015-11-11,0,-0.0025217790004600001,-6.3593693271610369e-06,0.32410642266605305
2015-11-12,0,0.0062341260678799998,3.886432783022095e-05,0.41306205228443627
2015-11-13,0,-0.0072480710778599997,-5.253453434971062e-05,0.43735830344930193
2015-11-16,0,-0.016591609386099999,-0.00027528150202092157,0.66124909759603845
2015-11-17,0,0.0088158208243999999,7.7718696807924692e-05,0.47492487878689504
2015-11-18,0,0.0061860575779200001,3.8267308357341456e-05,0.41191023034765584
2015-11-19,0,0.0076081787922000002,5.7884384534081853e-05,0.44598724031263626
2015-11-20,0,-0.00023446658851100001,-5.4974581127986602e-08,0.26929761518020751
2015-11-23,0,0.0014137606031999999,1.9987190431604278e-06,0.29755597563968833
2015-11-24,0,0.0021286660359499999,4.5312190926070864e-06,0.31468661071580906
2015-11-25,0,0.0014218009478699999,2.0215179353640302e-06,0.29774863917827438
2015-11-26,0,0.0075347303979299996,5.6772162169490372e-05,0.44422726258477585
2015-11-27,0,-0.00023540489642200001,-5.5415465259452554e-08,0.26932009900768461
2015-12-01,0,0.0029955067398900002,8.9730606287264167e-06,0.33545793386998146
2015-12-02,0,0.00074275810844299996,5.516896076578233e-07,0.28147734712985512
2015-12-03,0,-0.00165955429113,-2.754120445207997e-06,0.30344570843378105
2015-12-04,0,-0.010851615947199999,-0.00011775756866552533,0.52370680397703229
2015-12-07,0,0.0065454545454500003,4.2842975206552069e-05,0.42052213622524598
2015-12-08,0,-0.00605766900897,-3.6695353822235583e-05,0.40883377069037286
2015-12-09,0,-0.00467980295567,-2.1900555703897669e-05,0.37581720729392271
2015-12-10,0,-0.0022037218413300001,-4.8563899539548857e-06,0.31648510538854258
2015-12-11,0,0.0049455984174099996,2.4458943706288294e-05,0.38218622458120521
2015-12-14,0,-0.017755856966700002,-0.00031527045662190899,0.68914691390552729
2015-12-15,0,-0.0021718146718100002,-4.7167789686891793e-06,0.3157205426193711
2015-12-16,0,0.0075776093864600002,5.7420164013766702e-05,0.44525473317220032
2015-12-17,0,0.0078144078144100002,6.106496948991208e-05,0.45092892065208351
2015-12-18,0,0.0021515658618200002,4.6292356577492402e-06,0.31523533862066866
2015-12-21,0,-0.0018885741265300001,-3.5667122313985528e-06,0.30893350450540857
2015-12-22,0,0.0045892611289599997,2.1061317709783209e-05,0.37364763503801179
2015-12-23,0,0.0041237113402100003,1.7004995217376556e-05,0.3624920847015658
2015-12-24,0,-0.00091261692904400003,-8.3286965917770142e-07,0.28554752108137066
2015-12-25,0,0.0018340210912400001,3.3636333631131605e-06,0.30762629924854978
2015-12-28,0,0.000684931506849,4.6913116907444173e-07,0.28009170035166731
2015-12-29,0,0.0030624263839800002,9.3784553572968188e-06,0.33706146903675166
2015-12-30,0,0.00139502441293,1.9460931126706912e-06,0.29710701718514487
2016-01-04,1,0,0,0.26367930346886054
2016-01-06,0,-0.0027499999999999998,-7.5624999999999992e-06,0.32957507695335991
2016-01-07,0,-0.00523299277349,-2.7384213367398562e-05,0.38907279672264933
2016-01-11,0,-0.019037818368899999,-0.00036243852824722621,0.71986540051470627
2016-01-12,0,0.0101794803107,0.00010362181939592897,0.50760102301206356
2016-01-13,0,0.0208277703605,0.00043379601818972232,0.76275640814619794
2016-01-14,0,-0.022377999460800001,-0.00050077485986756512,0.79990315201617901
2016-01-15,0,0.0026695141484199998,7.1263057886145572e-06,0.32764646697356981
2016-01-18,0,-0.0016469942355199999,-2.7125900118361091e-06,0.30314474313217038
2016-01-19,0,0.010087241003299999,0.00010175243105865678,0.5053907755550463
2016-01-20,0,-0.0098065200105999992,-9.6167834718298214e-05,0.49866411121057252
2016-01-21,0,0.0073032188260799998,5.3337005221609326e-05,0.43867975927653291
2016-01-22,0,0.021247240618099999,0.00045144523388343841,0.77280779617466844
2016-01-25,0,0.00135648399349,1.8400488245945784e-06,0.29618350782172098
2016-01-26,0,-0.0062432138979400002,-3.8977719775431168e-05,0.41327981577210876
2016-01-27,0,0.0087570621468899996,7.6686137444493684e-05,0.47351689751291404
2016-01-28,0,0.0042722870976899998,1.8252437045088441e-05,0.36605227177799854
2016-02-01,0,0.0108138873079,0.00011694015870796072,0.52280274657005366
2016-02-02,0,0.0031976744185999999,1.0225121687368847e-05,0.34030229589258554
2016-02-03,0,-0.0088168373151299995,-7.7736620241468783e-05,0.47494923603885619
2016-02-04,0,0.01205510907,0.00014532565468959626,0.55254502587164378
2016-02-05,0,-0.0036827195467400002,-1.3562423259940873e-05,0.351924995490285
2016-02-15,1,0,0,0.26367930346886054
2016-02-16,0,0.010037281330700001,0.00010074701651161878,0.50419363691177022
2016-02-17,0,-0.000279798545048,-7.828722581097768e-08,0.27038386403096071
2016-02-18,0,0.011430164482900001,0.00013064866010614864,0.53757004152549626
2016-02-19,0,-0.00055648302726800001,-3.0967335963735762e-07,0.27701380510988621
2016-02-22,0,0.013351877607799999,0.00017827263565367105,0.58361832253662349
2016-02-23,0,0.00518134715026,2.6846358291507422e-05,0.38783525916271122
2016-02-24,0,-0.0019257221458,-3.7084057828245564e-06,0.30982364903748633
2016-02-25,0,-0.00081922446750400005,-6.7112872815721243e-07,0.28330964163017081
2016-02-26,0,0.0134825014343,0.00018177784492590156,0.58674834365761352
2016-03-01,0,0.00897770055025,8.0599107169959151e-05,0.47880385687647486
2016-03-02,0,0.0122332859175,0.00014965328433930381,0.55681451721093178
2016-03-03,0,0.00027419797093499999,7.5184527264871106e-08,0.27024966251709404
2016-03-04,0,0.0049436967865999996,2.4440137917839163e-05,0.3821406575146209
2016-03-07,0,0.0106809078772,0.00011408179308123302,0.51961628022696105
2016-03-08,0,0.0018726591760300001,3.5068523895693588e-06,0.30855214887880311
2016-03-09,0,-0.0118089103596,-0.00013945036388106818,0.54664558788884587
2016-03-10,0,-0.0024337479718800001,-5.9231291906300133e-06,0.32199701440462936
2016-03-11,0,0.0013717421124799999,1.8816764231510927e-06,0.29654912438636261
2016-03-14,0,0.0152921900601,0.00023385107683422126,0.63011228248059237
2016-03-15,0,0.0062263129399000002,3.8766972825566185e-05,0.41287483333477248
2016-03-16,0,-0.0021563342318100002,-4.649777319275624e-06,0.31534959877657825
2016-03-17,0,0.014426930269799999,0.00020813631700967148,0.60937884133628173
2016-03-18,0,0.0071504237288099997,5.1128559501529101e-05,0.43501846796044352
2016-03-21,0,0.012894736842099999,0.00016627423822701106,0.57266427004676979
2016-03-22,0,0.0053846153846199996,2.8994082840286386e-05,0.39270599280924962
2016-03-23,0,0.0038769707934899998,1.5030902533574479e-05,0.35657966318298301
2016-03-24,0,-0.0082623289439700005,-6.8266079578364419e-05,0.46166205130386784
2016-03-25,0,0.000262191924489,6.874460526724548e-08,0.26996197243816678
2016-03-28,0,0.0041775456919100002,1.7451888007995803e-05,0.36378206879076874
2016-03-29,0,0.0065997888067599996,4.3557212293834581e-05,0.42182409919823921
2016-03-30,0,0.00768008474576,5.8983701702055444e-05,0.44771025792280961
2016-04-01,0,0.0036363636363599999,1.3223140495841322e-05,0.35081421055571471
2016-04-05,1,0,0,0.26367930346886054
2016-04-06,0,-0.0051746442432099998,-2.6776943043786391e-05,0.38767464343738228
2016-04-07,0,0.0059678256357,3.5614942818118107e-05,0.4066809348452517
2016-04-08,0,-0.0060351613749700002,-3.6423172821929781e-05,0.40829444052610525
2016-04-11,0,0.0039525691699599996,1.5622803043318282e-05,0.35839115899813323
2016-04-12,0,0.0039205436487199999,1.5370662501518729e-05,0.35762376027327719
2016-04-13,0,0.0052164840897200001,2.7211706258301896e-05,0.38867721400038202
2016-04-14,0,0.0108331183905,0.00011735645406258931,0.52326356368382498
2016-04-15,0,0.0033462033461999999,1.1197076834120077e-05,0.34386136082677654
2016-04-18,0,-0.0079630105317199992,-6.3409536728283619e-05,0.45448975374264378
2016-04-19,0,0.0093385214007800001,8.7207981952826052e-05,0.48744988198011463
2016-04-20,0,0.0054347826087000001,2.9536862003827977e-05,0.39390810482173028
2016-04-21,0,-0.0020925974365700001,-4.3789640315393351e-06,0.31382233135048265
2016-04-22,0,-0.0052205690420299997,-2.7254341122602029e-05,0.38877509803387827
2016-04-25,0,-0.0049197307094799997,-2.4203750253800582e-05,0.38156637999127124
2016-04-26,0,0.00182291666667,3.3230251736232637e-06,0.30736021392268054
2016-04-27,0,0,0,0.26367930346886054
2016-04-28,0,0.0057321521625799997,3.285756841497057e-05,0.4010337036448805
2016-05-03,1,0,0,0.26367930346886054
2016-05-04,0,-0.0054291623578099999,-2.9475803907461038e-05,0.39377343181097629
2016-05-05,0,-0.0036344755970900001,-1.3209412865842714e-05,0.35076896917096356
2016-05-06,0,-0.00104085349987,-1.0833760081916282e-06,0.28862033854449032
2016-05-09,0,0.0032000000000000002,1.024e-05,0.34035802170536889
2016-05-10,0,-0.0054010261949799998,-2.9171083958860134e-05,0.39309923027913313
2016-05-11,0,0.0059363194819200002,3.5239888991422942e-05,0.40592598125512269
2016-05-12,0,-0.0013462574044200001,-1.8124089989556758e-06,0.29593845727740248
2016-05-13,0,0.00080666845926299999,6.5071400316974228e-07,0.28300877331201862
2016-05-16,0,-0.0059108006448099996,-3.4937564262686307e-05,0.40531449634247241
2016-05-17,0,0.0016103059581300001,2.5930852787889777e-06,0.30226561498074206
2016-05-18,0,-0.0051020408163299997,-2.6030820491497288e-05,0.38593491290215215
2016-05-19,0,-0.00107991360691,-1.1662133983893659e-06,0.28955630071386784
2016-05-20,0,-0.000269034167339,-7.2379383195789047e-08,0.27012592694179205
2016-05-23,0,0.0029459025174100001,8.6783416420825752e-06,0.33426931255782993
2016-05-24,0,0.0013390465988200001,1.7930457938114101e-06,0.29576567123650854
2016-05-25,0,0.0094238018309099995,8.8808040948262665e-05,0.48949338012793542
2016-05-26,0,0.0037593984962400002,1.4133077053531575e-05,0.35376238410384186
2016-05-27,0,0.0045539780337500004,2.073871593187752e-05,0.37280217800172449
2016-05-30,0,0.0040096230954300002,1.6077077367405656e-05,0.35975829083419597
2016-06-01,0,0.0039693040486899998,1.5755374630946823e-05,0.3587921618265269
2016-06-02,0,0.0021316280309099998,4.5438380621612435e-06,0.31475758633360773
2016-06-03,0,0.0058760683760699997,3.4528179560249921e-05,0.40448223826483831
2016-06-06,0,0.00265957446809,7.0733363513162067e-06,0.32740829136501204
2016-06-07,0,0.0045454545454500003,2.0661157024752068e-05,0.3725979373274283
2016-06-08,0,0.0024012806830300002,5.7661489186930241e-06,0.32121903000036922
2016-06-13,1,0,0,0.26367930346886054
2016-06-14,0,0.0013770311209,1.8962147079271104e-06,0.29667586013210878
2016-06-15,0,-0.0153089119738,-0.00023436278582155703,0.63051297463964784
2016-06-16,0,-0.0046359421870699998,-2.1491959961855373e-05,0.37476621119482389
2016-06-17,0,0.0049247606019200002,2.4253266986223443e-05,0.38168690677413586
2016-06-20,0,0.0081632653061200003,6.6638900458102458e-05,0.45928827856193544
2016-06-21,0,0,0,0.26367930346886054
2016-06-22,0,-0.00108489286683,-1.176992532498616e-06,0.28967561423525284
2016-06-23,0,0.00324499729584,1.0530007450008913e-05,0.34143625138321898
2016-06-24,0,-0.0054259359739600001,-2.9440781193513255e-05,0.39369612088030226
2016-06-27,0,0.0030236393622899999,9.1423949931894777e-06,0.3361320505656889
2016-06-28,0,-0.0035316490084199999,-1.2472544718673969e-05,0.34830502822726095
2016-06-29,0,0.0029753854476599999,8.8529185621468973e-06,0.33497578546452567
2016-07-01,0,0.0046107946840299998,2.1259427618279305e-05,0.37416362422608773
2016-07-04,0,0.00081015392924699997,6.5634938907435306e-07,0.28309229249040141
2016-07-05,0,0.00133333333333,1.777777777768889e-06,0.29562876940065913
2016-07-06,0,-0.00320256204964,-1.0256403681794357e-05,0.34041941379363561
2016-07-07,0,0.0013354700854700001,1.7834803491852492e-06,0.29567997046793548
2016-07-08,0,0.00106780565937,1.1402089261826005e-06,0.28926616887079215
2016-07-11,0,0.0066880684858199998,4.4730260071018622e-05,0.42393946564719265
2016-07-12,0,0.0026666666666699998,7.1111111111288885e-06,0.32757823533269737
2016-07-13,0,0.00026089225150000001,6.8064766892739261e-08,0.26993082954475328
2016-07-14,0,0.0023504831548700001,5.5247710613276289e-06,0.32000181457884053
2016-07-15,0,0.00182958703607,3.3473887225554074e-06,0.30752004997760429
2016-07-18,0,-0.00208170699974,-4.3335040327665126e-06,0.3135613736201201
2016-07-19,0,0,0,0.26367930346886054
2016-07-20,0,-0.00183871815077,-3.3808844379710486e-06,0.30773885065612505
2016-07-21,0,0.00157977883096,2.4957011547493445e-06,0.30153412092360504
2016-07-22,0,-0.0010482180293499999,-1.0987610370543973e-06,0.28879680813228448
2016-07-25,0,0.0021164021164000002,4.4791579183023995e-06,0.31439274145591856
2016-07-26,0,-0.0018513620735300001,-3.4275415273053014e-06,0.30804182559072452
2016-07-27,0,0,0,0.26367930346886054
2016-07-28,0,-0.0031612223393,-9.9933266784893649e-06,0.33942882754327947
2016-08-01,0,0.00026406126221300002,6.9728350201522743e-08,0.27000676569461285
2016-08-02,0,0.0010612894667,1.1263353321283706e-06,0.28911002721400536
2016-08-03,0,-0.0034528552456800001,-1.1922209347619894e-05,0.34641696424853136
2016-08-04,0,0.00053149083178300003,2.8248250426938523e-07,0.2764149396362281
2016-08-05,0,0.00079744816586900004,6.359235772478322e-07,0.28278783572476351
2016-08-08,0,0.0029177718832900002,8.513392762917675e-06,0.33359524350548564
2016-08-09,0,0.0013203063110600001,1.7432087550248657e-06,0.29531661459750225
2016-08-10,0,0.0034093889326,1.1623932893735367e-05,0.34537542013183098
2016-08-11,0,0.0015731515469300001,2.474805789608252e-06,0.30137531728460198
2016-08-12,0,0.00078145350351600004,6.1066957815743114e-07,0.28240457003480918
2016-08-15,0,-0.0025568908207599999,-6.5376906692867461e-06,0.32494777559591387
2016-08-16,0,0.0089596814335500003,8.0275891390700591e-05,0.47837208101012796
2016-08-17,0,0.0060468631897199997,3.6564554435190729e-05,0.40857484057487747
2016-08-18,0,-0.000504286434695,-2.5430480821739452e-07,0.27576306516775784
2016-08-19,0,0.0012683916793500001,1.6088174522443135e-06,0.29407263102961378
2016-08-22,0,-0.0012661433274199999,-1.6031189255701892e-06,0.29401875579707093
2016-08-23,0,0.00050838840874400004,2.5845877414525646e-07,0.27586135707785681
2016-08-24,0,0.00101394169835,1.0280777676528823e-06,0.2879754752801188
2016-08-25,0,0,0,0.26367930346886054
2016-08-26,0,-0.00076745970836499997,-5.8899440396369079e-07,0.28206924932373328
2016-08-29,0,-0.0017934921855,-3.2166142194495664e-06,0.30665514157865242
2016-08-30,0,0.00257135510414,6.6118670715868302e-06,0.32529437019272261
2016-09-01,0,0.0012712941774699999,1.6161888856691237e-06,0.29414218097821548
2016-09-02,0,0.00025575447570300001,6.5410351842116428e-08,0.26980771765015937
2016-09-05,0,0.0043279022403299996,1.8730737801853431e-05,0.36738492735680345
2016-09-06,0,0.0017748478701800001,3.1500849622824825e-06,0.3062083846407978
2016-09-07,0,0.0020278833967,4.1123110706115291e-06,0.31227164709137706
2016-09-08,0,0,0,0.26367930346886054
2016-09-09,0,0.00101419878296,1.0285991713575451e-06,0.28798163556711037
2016-09-12,0,-0.0137369626049,-0.00018870414160842099,0.59284576753341645
2016-09-13,0,0.0018130018130000001,3.2869755739412872e-06,0.30712263321301858
2016-09-14,0,-0.0059539218224200002,-3.5449185067489097e-05,0.40634777028871727
2016-09-19,1,0,0,0.26367930346886054
2016-09-20,0,0.0018162947586899999,3.2989266504447649e-06,0.30720153910512227
2016-09-21,0,0.000519480519481,2.6986001012024961e-07,0.27612714733843507
2016-09-22,0,0.0046862796146800003,2.196121662696533e-05,0.37597240164121704
2016-09-23,0,0.0012906556530699999,1.665792014801548e-06,0.29460612258202029
2016-09-26,0,-0.0028490028489999999,-8.1168172336101162e-06,0.33194739306682319
2016-09-27,0,-0.0031504331845599999,-9.925229250376863e-06,0.33917029674442989
2016-09-28,0,-0.00130548302872,-1.7042859382759442e-06,0.29496141763191192
2016-09-29,0,0.0020936927505900002,4.3835493338731205e-06,0.31384857737395766
2016-10-10,1,0,0,0.26367930346886054
2016-10-11,0,-0.00076923076923099995,-5.9171597633171591e-07,0.2821116876603344
2016-10-12,0,-0.0020570840833100002,-4.2315949258073439e-06,0.31297135684790228
2016-10-13,0,-0.0010325245224599999,-1.0661068894812508e-06,0.2884207587594842
2016-10-14,0,-0.00025853154084800001,-6.6838557613241095e-08,0.26987426196133996
2016-10-17,0,-0.0017990233873000001,-3.2364851480523663e-06,0.30678768078625601
2016-10-18,0,-0.00025967281225700001,-6.7429969425459179e-08,0.26990160922034062
2016-10-19,0,0.0017916560020499999,3.2100312296817894e-06,0.3066111427682171
2016-10-20,0,0.00179579271421,3.2248714724097188e-06,0.30671026707638654
2016-10-21,0,0,0,0.26367930346886054
2016-10-24,0,0.00101910828025,1.0385816868741125e-06,0.28809927742941754
2016-10-25,0,0.000250815149235,6.2908239085775324e-08,0.26968936101812252
2016-10-26,0,0.00125976316453,1.5870032307066399e-06,0.29386587369940054
2016-10-27,0,0.0010136847440399999,1.0275567602994401e-06,0.28796931811538873
2016-10-28,0,-0.0010160020320000001,-1.0322601290281293e-06,0.28802484519993804
2016-11-01,0,-0.00101291466194,-1.0259961123730243e-06,0.2879508653315247
2016-11-02,0,-0.0052830188679200002,-2.7910288358798721e-05,0.39027152697242151
2016-11-03,0,0.00076142131979700005,5.7976242624140546e-07,0.2819245568563557
2016-11-04,0,-0.0017605633802799999,-3.0995834159829394e-06,0.30586609827323707
2016-11-07,0,0.0012594458438299999,1.5862038335406605e-06,0.29385827002922993
2016-11-08,0,0.00226358148893,5.123801157026556e-06,0.31791946821731037
2016-11-09,0,0.0025050100200399998,6.2750752005008007e-06,0.32370460268957219
2016-11-10,0,0.0083375442142500002,6.9514643524573648e-05,0.46346436709039374
2016-11-11,0,-0.0034947578632099998,-1.2213332522468124e-05,0.34742103893695481
2016-11-14,0,-0.0014884644008899999,-2.2155262727168264e-06,0.29934603546914729
2016-11-15,0,0.0017348203221800001,3.0096015502487192e-06,0.3052492405549258
2016-11-16,0,0.0014866204162500001,2.2100402620113237e-06,0.2993018497258213
2016-11-17,0,-0.0019870839542999999,-3.9485026414365236e-06,0.3112940067951282
2016-11-18,0,0.0017378351539200001,3.0200710222001503e-06,0.3053214822529014
2016-11-21,0,-0.00099329525701499994,-9.8663546760849473e-07,0.28748074319958344
2016-11-22,0,0.00098231827111999997,9.6494918577618571e-07,0.28721771157191822
2016-11-23,0,0.0014605647516999999,2.1332493939084823e-06,0.29867750130066684
2016-11-24,0,0,0,0.26367930346886054
2016-11-25,0,0.00145032632342,2.1034464444049745e-06,0.29843216706402093
2016-11-28,0,0.00023832221163,5.6797476556214503e-08,0.26939000400482249
2016-11-29,0,-0.00047494656851100001,-2.2557424294037403e-07,0.27506002037643912
2016-12-01,0,0.0028355387523600001,8.0402800161353053e-06,0.33162476504414584
2016-12-02,0,-0.0023546032493500001,-5.5441564618495788e-06,0.32010054069250921
2016-12-05,0,-0.0130177514793,-0.00016946185357681734,0.57561195901702755
2016-12-06,0,0.0055408335340899999,3.0700836252496281e-05,0.39644930764257424
2016-12-07,0,0.0016875602700100001,2.8478596649162246e-06,0.30411679048486767
2016-12-08,0,0.0055381651817999998,3.0671273580901828e-05,0.39638536831963656
2016-12-09,0,0,0,0.26367930346886054
2016-12-12,0,-0.0014177693761800001,-2.0100700040338263e-06,0.29765203425650316
2016-12-13,0,-0.0043000477783100002,-1.8490410895748769e-05,0.36671747596778437
2016-12-14,0,0.0012039489525600001,1.4494930803703215e-06,0.2925284480015129
2016-12-15,0,-0.0062801932367200003,-3.9440827090543632e-05,0.41416591836551003
2016-12-16,0,0,0,0.26367930346886054
2016-12-19,0,0.0012388503468800001,1.5347501819646965e-06,0.29336475868311435
2016-12-20,0,-0.00074757039621199998,-5.588614972925666e-07,0.28159265964795266
2016-12-21,0,0,0,0.26367930346886054
2016-12-22,0,-0.0024919013207100001,-6.2095721921562434e-06,0.32339049073258092
2016-12-23,0,-0.00075206818751599996,-5.6560655867360126e-07,0.28170043617047957
2016-12-26,0,-0.0042885973763899998,-1.8392067456779189e-05,0.36644310029824734
2016-12-27,0,0.00025062656641599998,6.2813675793473646e-08,0.26968484217785926
2016-12-28,0,0.0020080321285099998,4.0321930291284002e-06,0.31179596902882128
2016-12-29,0,-0.00100933636134,-1.0187598903230711e-06,0.28786512173668943
2017-01-03,1,0,0,0.26367930346886054
2017-01-04,0,0.0012394645513100001,1.5362723739540997e-06,0.29337947631074796
2017-01-05,0,0.0034423407917399998,1.1849710126477169e-05,0.34616501585757009
2017-01-06,0,0.0029520295202999998,8.7144782887226463e-06,0.33441612841040386
2017-01-09,0,0.001233349778,1.5211516748926495e-06,0.29323295350458622
2017-01-10,0,-0.00098449421609600007,-9.6922886152647772e-07,0.28726985178182846
2017-01-11,0,0.0029607698001499999,8.76615780948027e-06,0.33462556386538084
2017-01-12,0,0.00148551621689,2.2067584306431775e-06,0.29927539079094556
2017-01-13,0,0.0029821073558599998,8.892964281874319e-06,0.33513685649730052
2017-01-16,0,-0.00074074074074100005,-5.4869684499352541e-07,0.28142900676435478
2017-01-17,0,0.00147311563958,2.1700696875751922e-06,0.29897824692421948
2017-01-18,0,0.00245278390974,6.0161489078794399e-06,0.32245315544073394
2017-01-19,0,-0.00146092037984,-2.13428835623185e-06,0.29868602289752433
2017-01-20,0,0.001953125,3.814697265625e-06,0.31048027895501068
2017-01-23,0,0.0019417475728199999,3.7703836365523611e-06,0.31020765191345079
2017-01-24,0,0.0017006802721100001,2.8923133879441438e-06,0.30443117327995772
2017-01-25,0,0.00145489815713,2.1167286476202702e-06,0.29854171779804384
2017-02-03,1,0,0,0.26367930346886054
2017-02-06,0,0.00266537436394,7.1042204999485596e-06,0.32754726904616305
2017-02-07,0,0.00024218939210499999,5.8655701648189435e-08,0.26948266976795132
2017-02-08,0,0.0014605647516999999,2.1332493939084823e-06,0.29867750130066684
2017-02-09,0,-0.00024254183846699999,-5.8826543406952319e-08,0.269491115122728
2017-02-10,0,0.00265700483092,7.0596746715322184e-06,0.32734671746359689
2017-02-13,0,0.0028776978417300002,8.2811448682975008e-06,0.3326349853363052
2017-02-14,0,0.00166984732824,2.7883900996302662e-06,0.30369235121264215
2017-02-15,0,0.00143403441683,2.0564547086529584e-06,0.29804177877809901
2017-02-16,0,0.00143266475645,2.052528304373938e-06,0.29800895883986223
2017-02-17,0,0.000953743443014,9.0962655509219903e-07,0.28653299869910676
2017-02-20,0,0.0011993283761100001,1.4383885537426498e-06,0.29241772928910675
2017-02-21,0,-0.000235349493999,-5.5389384325585341e-08,0.26931877144931493
2017-02-22,0,0.0025986298133700001,6.7528769069354014e-06,0.32594792948773194
2017-02-23,0,-0.00070788107597900005,-5.0109561772918688e-07,0.28064162020946992
2017-02-24,0,-0.00023707918444799999,-5.6206539698528799e-08,0.26936021846386971
2017-02-27,0,-0.0030886196246099999,-9.539571185526016e-06,0.3376891140736169
2017-03-01,0,0.0038240917782,1.4623677928096839e-05,0.3553125709598437
2017-03-02,0,0.0038213518032000002,1.4602729603819892e-05,0.35524691540640618
2017-03-03,0,-0.0012027904739,-1.4467049241045865e-06,0.29250068842065258
2017-03-06,0,0.00144857556736,2.0983711743523462e-06,0.29839021527320042
2017-03-07,0,0.00024096385542199999,5.8063579619834515e-08,0.26945330333607498
2017-03-08,0,-0.00096084554407900005,-9.2322415957646964e-07,0.28670317995112249
2017-03-09,0,-0.0028839221340999999,-8.3170068755518977e-06,0.33278413244907423
2017-03-10,0,-0.00096758587324600001,-9.3622242210522441e-07,0.28686469238894052
2017-03-13,0,-0.00121036068748,-1.4649729937970581e-06,0.29268208663130602
2017-03-14,0,-0.0012010569301000001,-1.4425377493412365e-06,0.29245914907171794
2017-03-15,0,-0.00048157958102599998,-2.3191889286117769e-07,0.27521896128196943
2017-03-16,0,0.0062605345533299998,3.9194292893438857e-05,0.41369485503908421
2017-03-17,0,0.00143232275006,2.051548460339441e-06,0.2980007636487329
2017-03-20,0,0.0029027576197399999,8.4260017989586298e-06,0.3332354702291484
2017-03-21,0,0.00192957067053,3.7232429725695939e-06,0.30991586776979818
2017-03-22,0,-0.0048123195380199999,-2.3158419336009026e-05,0.37899258281882292
2017-03-23,0,0.0041182170542599997,1.6959711705997909e-05,0.36236043007523117
2017-03-24,0,0.0031438935912900001,9.8840669133543339e-06,0.33901359436013878
2017-03-27,0,-0.0035850860420599999,-1.2852841928973436e-05,0.34958549174159731
2017-03-28,0,0.0052859202306600002,2.7940952684900668e-05,0.39034104971493472
2017-03-29,0,0.0031287605294800002,9.7891424508319706e-06,0.33865097442808106
2017-03-30,0,0.00072115384615400004,5.2006286982270721e-07,0.28095966364836583
2017-04-05,1,0,0,0.26367930346886054
2017-04-06,0,0.000237416904084,5.6366786344831258e-08,0.26936831093537339
2017-04-07,0,0.00023747328425600001,5.6393560735330981e-08,0.26936966192266182
2017-04-10,0,0.00071326676176900004,5.0874947344443543e-07,0.2807706725479705
2017-04-11,0,-0.00095579450418200001,-9.1354313422451529e-07,0.28658214643079016
2017-04-12,0,0.0014360938248,2.0623654736286932e-06,0.29809112651668201
2017-04-13,0,0.00071873502635400001,5.1658003810808507e-07,0.28090170364776923
2017-04-14,0,-0.0026328386787900001,-6.9318395085326736e-06,0.32676764572296035
2017-04-17,0,-0.00217391304348,-4.725897920612476e-06,0.31577082401000844
2017-04-18,0,-0.000241721053904,-5.8429067900460468e-08,0.26947144740140322
2017-04-19,0,-0.0036363636363599999,-1.3223140495841322e-05,0.35081421055571471
2017-04-20,0,-0.00073349633251800004,-5.3801686981735648e-07,0.2812554155340668
2017-04-21,0,0.0017006802721100001,2.8923133879441438e-06,0.30443117327995772
2017-04-24,0,0.00265764677458,7.0630863784354771e-06,0.32736209978141839
2017-04-25,0,0.0014552510308,2.1177555626444627e-06,0.29855017339201728
2017-04-26,0,0.0026518804243000002,7.032469784785549e-06,0.32722392592255178
2017-04-27,0,-0.0014443909484800001,-2.0862652120509544e-06,0.29828994301944212
2017-05-02,1,0,0,0.26367930346886054
2017-05-03,0,0.00169655841008,2.8783104388131775e-06,0.30433240481208018
2017-05-04,0,-0.00072815533980600004,-5.302101988879914e-07,0.28112743413554592
2017-05-05,0,-0.0012162490878099999,-1.479261843598657e-06,0.29282318506560845
2017-05-08,0,0.00195264827923,3.81283530237988e-06,0.31046885572451055
2017-05-09,0,0.00024449877750600001,5.9779652201928504e-08,0.26953800749059598
2017-05-10,0,0.0017073170731700001,2.9149315883377756e-06,0.30459020496698008
2017-05-11,0,0.0021876519202700001,4.7858209242610184e-06,0.31610003634196671
2017-05-12,0,-0.00072376357056699999,-5.2383370607989283e-07,0.28102219812428436
2017-05-15,0,0.0049833887043199999,2.4834162978344168e-05,0.38309175919434546
2017-05-16,0,0.00118175372252,1.3965418606898771e-06,0.29199660369200303
2017-05-17,0,-0.00023623907394300001,-5.5808900057446226e-08,0.26934008765240086
2017-05-18,0,-0.0045238095238099999,-2.0464852607714057e-05,0.37207927716631678
2017-05-19,0,-0.000477554918816,-2.2805870048535635e-07,0.27512252192584513
2017-05-22,0,0.00047664442325999999,2.2718990622485801e-07,0.27510070454078445
2017-05-23,0,0,0,0.26367930346886054
2017-05-24,0,-0.00093327111525899999,-8.7099497457677765e-07,0.28604243874549079
2017-05-25,0,-0.00069946374446300003,-4.8924952981820101e-07,0.28043992327458911
2017-05-26,0,-0.0024943310657600001,-6.2216874656154184e-06,0.32344871252510449
2017-06-01,0,0,0,0.26367930346886054
2017-06-02,0,-0.00067324955116699996,-4.5326495814656688e-07,0.27981177616785746
2017-06-05,0,0.00181200453001,3.2833604167767607e-06,0.30709873621883355
2017-06-06,0,0.00183444164183,3.3651761372799458e-06,0.30763637652361064
2017-06-07,0,-0.00068243858052799997,-4.6572241619307152e-07,0.2800319646032447
2017-06-08,0,-0.00067613252197400002,-4.5715518727092159e-07,0.27988085820104308
2017-06-09,0,-0.00066844919786100004,-4.4682433012101439e-07,0.27969674962454916
2017-06-12,0,0,0,0.26367930346886054
2017-06-13,0,0.000222024866785,4.9295041470896997e-08,0.26899948540689345
2017-06-14,0,0.00066770531938599995,4.4583039353636023e-07,0.2796789247345533
2017-06-15,0,0.00067598017124800001,4.5694919192047542e-07,0.27987720755779555
2017-06-16,0,0.00022701475595900001,5.153569942312433e-08,0.26911905362751987
2017-06-19,0,0.0025074082516499999,6.287096140442509e-06,0.32376206935391255
2017-06-20,0,0.0018026137900000001,3.2494164758981644e-06,0.30687371437281508
2017-06-21,0,0.0056484410302799996,3.1904886072550583e-05,0.39902780916772712
2017-06-22,0,-0.0022356360384500002,-4.9980684964164104e-06,0.3172498365537641
2017-06-23,0,0,0,0.26367930346886054
2017-06-26,0,-0.000440237728373,-1.9380925748301934e-07,0.27422832369729611
2017-06-27,0,0.00087374399301000003,7.6342856532105898e-07,0.28461604392225287
2017-06-28,0,-0.00305143853531,-9.3112771347748382e-06,0.33679817711419158
2017-06-29,0,0.0048266783677099996,2.3296824065319667e-05,0.37933665052382465
2017-07-03,0,0,0,0.26367930346886054
2017-07-04,0,-0.00088554350232499998,-7.8418729451002724e-07,0.28489878493790727
2017-07-05,0,0.0020156774915999999,4.0629557501428679e-06,0.31197916797950687
2017-07-06,0,-0.00088183421516800002,-7.776315830409626e-07,0.28480990263016664
2017-07-07,0,-0.0019823788546299999,-3.9298259232841501e-06,0.31118126272891866
2017-07-10,0,0.0017703031644199999,3.1339732939554654e-06,0.30609948394941061
2017-07-11,0,0.00044091710758400001,1.9440789576024065e-07,0.27424460304951359
2017-07-12,0,0,0,0.26367930346886054
2017-07-13,0,0.0045851528384300002,2.1023626551762687e-05,0.37354919177176693
2017-07-14,0,0.00086040008603999998,7.402883080576394e-07,0.28429629589640076
2017-07-17,0,0.00127849989346,1.6345619775772314e-06,0.29431484506136846
2017-07-18,0,-0.00063843370930000002,-4.0759760117055692e-07,0.27897751550264294
2017-07-19,0,-0.000213356091316,-4.552082170164133e-08,0.268791763347005
2017-07-20,0,0.0014739945251600001,2.172659860201654e-06,0.29899930686789167
2017-07-21,0,-0.00251730648206,-6.336831924621293e-06,0.32399925173536515
2017-07-24,0,0.00126876718122,1.6097701601409444e-06,0.29408162884276595
2017-07-25,0,-0.00084051271275499995,-7.0646162030276911e-07,0.28381975267996801
2017-07-26,0,0.0023177412557900002,5.371924528791007e-06,0.31921724993693945
2017-07-27,0,0.00063599745600999996,4.0449276405119182e-07,0.27891913775902522
2017-07-28,0,-0.0033891124761699998,-1.1486083376131147e-05,0.34488955366638385
2017-08-01,0,0.00126689189189,1.6050150657366235e-06,0.294036692973345
2017-08-02,0,0.00062526052521900001,3.9095072439713973e-07,0.27866185835563523
2017-08-03,0,-0.0020811654526499998,-4.3312496413038783e-06,0.31354839701489323
2017-08-04,0,0.0029598308668100002,8.7605987601212377e-06,0.33460306505131188
2017-08-07,0,0.0036147140123300001,1.3066157390934848e-05,0.35029544011167635
2017-08-08,0,-0.00021172983273300001,-4.4829522069144158e-08,0.2687527947771095
2017-08-09,0,-0.00190799236803,-3.6404348764607268e-06,0.30939880633935452
2017-08-10,0,-0.0017061207080400001,-2.9108478704029111e-06,0.3045615375467578
2017-08-11,0,-0.0075010715816499996,-5.6266074873037227e-05,0.44342072668174193
2017-08-14,0,0.00065487884741300003,4.2886630478897936e-07,0.27937157553755765
2017-08-15,0,0.0034609560891199998,1.1978217050816805e-05,0.34661107746466063
2017-08-16,0,-0.0019317450096599999,-3.7316387823463131e-06,0.30996796950026684
2017-08-17,0,0.0036637931034500001,1.3423379904887783e-05,0.35147147817395585
2017-08-18,0,-0.00279389641092,-7.8058571549516571e-06,0.33062692711727515
2017-08-21,0,-0.0015005359056800001,-2.2516080042348979e-06,0.29963529406742323
2017-08-22,0,0.0019251336898400001,3.7061397237569736e-06,0.3098095483972515
2017-08-23,0,0.0023329798515400002,5.4427949876916011e-06,0.31958239868376265
2017-08-24,0,0.00105174589819,1.1061694343594899e-06,0.2888813432762713
2017-08-25,0,-0.0012655557899200001,-1.6016314574000354e-06,0.29400467716506601
2017-08-28,0,0.0028913672036300002,8.3600043062271664e-06,0.33296253194555614
2017-08-29,0,-0.00061462814996899998,-3.7776776273431553e-07,0.2784070843225166
2017-08-30,0,0.0030706243602900002,9.4287339620063724e-06,0.33725790976037168
2017-09-01,0,0.0026853955794299998,7.211349418022184e-06,0.32802701940282242
2017-09-04,0,0.000620219144098,3.8467178670565567e-07,0.27854105627985393
2017-09-05,0,0.00226944501754,5.1503806876371312e-06,0.31805997067298475
2017-09-06,0,-0.00164136233073,-2.6940703007394178e-06,0.30300979086950564
2017-09-07,0,0.0035044320758600002,1.228104417431643e-05,0.34765285338256402
2017-09-08,0,0.00166009545549,2.7559169213385506e-06,0.30345867586799358
2017-09-11,0,0.0056156405989999996,3.1535419337137072e-05,0.39824184197142865
2017-09-12,0,0.00374843815077,1.4050788570148017e-05,0.35349975121569532
2017-09-13,0,0,0,0.26367930346886054
2017-09-14,0,-0.00062240663900400004,-3.8739002427625562e-07,0.27859347325033551
2017-09-15,0,-0.0014641288433399999,-2.1436732699001261e-06,0.29876290441898951
2017-09-18,0,0.0037712130735399999,1.4222048046039012e-05,0.35404548618005127
2017-09-19,0,0.00083455038597900005,6.9647434673769797e-07,0.28367688281281461
2017-09-20,0,-0.0014653548252,-2.1472647637369224e-06,0.29879228151824139
2017-09-21,0,-0.000209073803052,-4.3711855122626486e-08,0.26868915072975413
2017-09-22,0,-0.0022902352696200002,-5.2451775902113953e-06,0.31855814876089361
2017-09-25,0,-0.00166736140058,-2.7800940401440992e-06,0.30363278316683046
2017-09-26,0,-0.0025104602510500002,-6.30241067210203e-06,0.32383520166705337
2017-09-27,0,-0.00125182557897,-1.5670672801635757e-06,0.29367567248482757
2017-09-28,0,-0.00062893081760999998,-3.9555397333958306e-07,0.27874980626691492
2017-10-09,1,0,0,0.26367930346886054
2017-10-10,0,0.0026710499280899998,7.1345077183495928e-06,0.32768326747875398
2017-10-11,0,0.00513452454303,2.6363342282977431e-05,0.38671329119180875
2017-10-12,0,-0.00061187028349999999,-3.7438524383037034e-07,0.27834100005191958
2017-10-13,0,-0.00182889656574,-3.3448626481755662e-06,0.30750350485889028
2017-10-16,0,0.00081234768480900003,6.5990876101454243e-07,0.28314485947934465
2017-10-17,0,0.00182075662553,3.3151546894113924e-06,0.30730845480207009
2017-10-18,0,0.00020251113811300001,4.1010761059822564e-08,0.26853189549983597
2017-10-19,0,-0.000401123144805,-1.6089977729825298e-07,0.27329105615593702
2017-10-20,0,-0.00441323971916,-1.9476684818771434e-05,0.36942979251124708
2017-10-23,0,0.0010078613182800001,1.0157844368850996e-06,0.28782977660819431
2017-10-24,0,-0.0020169423154500002,-4.0680563038528076e-06,0.31200947581438593
2017-10-25,0,0.00040144520273,1.6115825079493079e-07,0.27329877333996416
2017-10-26,0,-0.0013960909453499999,-1.9490699276882566e-06,0.29713257354105843
2017-10-27,0,0.0013880626611100001,1.9267179511677749e-06,0.29694019899569546
2017-10-30,0,0.0029285435376799999,8.5763672520872892e-06,0.33385335495920809
2017-11-01,0,0.00097370983446899999,9.4811084174164735e-07,0.2870114353567873
2017-11-02,0,0.0021471793870799999,4.6103793203012442e-06,0.31513022947671865
2017-11-03,0,0.00019500780031199999,3.8028042182524862e-08,0.26835209977324964
2017-11-06,0,0.000976371802382,9.5330189648667532e-07,0.2870752216966484
2017-11-07,0,0.0025346071358900001,6.42423333330451e-06,0.32441381172297079
2017-11-08,0,0.00096302003081699997,9.2740757975477557e-07,0.28675528521858878
2017-11-09,0,-0.00077264825188300005,-5.9698532113785585e-07,0.28219357771950659
2017-11-10,0,-0.0024966391396200002,-6.2332069934824947e-06,0.32350401882047325
2017-11-13,0,0.0020912547528500001,4.3733464413177148e-06,0.31379015782965558
2017-11-14,0,0.00056839712012099995,3.2307528616184645e-07,0.27729929178767332
2017-11-15,0,-0.00247477631829,-6.1245178255690072e-06,0.32298013972153006
2017-11-16,0,-0.0013389441469000001,-1.7927714285177689e-06,0.29576321627341279
2017-11-17,0,0.00264750378215,7.009276276498555e-06,0.32711905238810118
2017-11-20,0,-0.0016800448011900001,-2.822550534005547e-06,0.30393670407359763
2017-11-21,0,0.00037098868484499998,1.3763260428302271e-07,0.27256897122953633
2017-11-22,0,0.0076266569820199999,5.8165896721394414e-05,0.4464300165347389
2017-11-23,0,-0.00054161400974900005,-2.933457355563899e-07,0.27665751223338836
2017-11-24,0,0.0037119524870100002,1.3778591265819726e-05,0.35262547811221873
2017-11-27,0,-0.0012987012987,-1.6866250632450668e-06,0.29479891314273704
2017-11-28,0,0,0,0.26367930346886054
2017-11-29,0,0.0054810054810099998,3.004142108286166e-05,0.3950157018848367
2017-12-01,0,0.0036197370927799999,1.3102496620847406e-05,0.35041580366495917
2017-12-04,0,-0.0042267050912600003,-1.7865035928483207e-05,0.36496003120684206
2017-12-05,0,-0.0074257425742599997,-5.5141652779177527e-05,0.44161568551527519
2017-12-06,0,-0.0037593984962400002,-1.4133077053531575e-05,0.35376238410384186
2017-12-07,0,0.0049523809523799997,2.4526077097496232e-05,0.38234874835867205
2017-12-08,0,0.0034722222222199998,1.2056327160478394e-05,0.34688103766640749
2017-12-11,0,0.00171722953635,2.9488772805128361e-06,0.30482772839548289
2017-12-12,0,-0.0016936394429799999,-2.8684145628176045e-06,0.30426246023214193
2017-12-13,0,0.0042129452317100002,1.7748907525388026e-05,0.36463031608390195
2017-12-14,0,0.0024639878696,6.071236221535947e-06,0.3227216258411208
2017-12-15,0,-0.00228614974281,-5.2264806465502294e-06,0.3184602509611712
2017-12-18,0,0.0025135344160900001,6.3178552608688983e-06,0.32390886511546418
2017-12-19,0,-0.00076937872667800003,-5.9194362506466065e-07,0.28211523303139363
2017-12-20,0,0.00094571590694100002,8.9437857664123821e-07,0.28634064208139581
2017-12-21,0,-0.0024551463644899999,-6.0277436710684636e-06,0.32250976481639698
2017-12-22,0,0.00280426247897,7.863888050958969e-06,0.33087531987078339
2017-12-25,0,0.00150178336775,2.2553532836505316e-06,0.29966518587760332
2017-12-26,0,0.0030063885757199999,9.03837226821973e-06,0.33571868550232664
2017-12-27,0,0,0,0.26367930346886054
2017-12-28,0,0.0013374092472300001,1.7886634945763153e-06,0.29572643685487615
2018-01-02,1,0,0,0.26367930346886054
2018-01-03,0,0.0011119347664899999,1.2363989249291706e-06,0.29032359492419318
2018-01-04,0,0.0035230854811799999,1.2412131307701312e-05,0.34809982813590262
2018-01-05,0,0.00036873156342199999,1.359629658636324e-07,0.27251488586153017
2018-01-08,0,0.0022018348623899999,4.8480767612359894e-06,0.31643988941152429
2018-01-09,0,0.00091625435220799999,8.3952203794010172e-07,0.28563468137696418
2018-01-10,0,-0.0021719457013599998,-4.7173481296561813e-06,0.31572368236247894
2018-01-11,0,-0.0016120365394900001,-2.5986618046508946e-06,0.30230708334339484
2018-01-12,0,0.0021524663677100001,4.6331114641226815e-06,0.31525691663235922
2018-01-15,0,0.00284141360327,8.0736312648478054e-06,0.33176553880589876
2018-01-16,0,-0.000878580214374,-7.7190319308946384e-07,0.284731929939534
2018-01-17,0,-0.00017418568193699999,-3.0340651791857722e-08,0.26785315810201094
2018-01-18,0,0.0075017445917699996,5.627617192015044e-05,0.44343685341716749
2018-01-19,0,0.0012104444060199999,1.4651756600651103e-06,0.29268409270328721
2018-01-22,0,0.0046575815076799996,2.1693065500682698e-05,0.37528473474728757
2018-01-23,0,0.0037619699042400001,1.4152417560407516e-05,0.35382400043806156
2018-01-24,0,0.0013461214874599999,1.8120430590015228e-06,0.29593520042169019
2018-01-25,0,0.00168435236652,2.8370428946015243e-06,0.30403992238241778
2018-01-26,0,-0.00187011220673,-3.4973196657605505e-06,0.3084911181471432
2018-01-29,0,0.0074336881229900001,5.525971910988259e-05,0.44180607754411955
2018-01-30,0,-0.00051921079958499997,-2.6957985440569502e-07,0.27612068428346381
2018-02-01,0,0.000172443524746,2.9736769226824315e-08,0.26781141235814454
2018-02-02,0,-0.0046399725038700004,-2.1529344836669643e-05,0.37486278604679613
2018-02-05,0,-0.019187939009799999,-0.00036817700344380456,0.72346260624128589
2018-02-06,0,-0.0189549180328,-0.0003592889176301666,0.71787893441673001
2018-02-07,0,0.017026505178200001,0.00028990187858327142,0.67167011381625064
2018-02-08,0,0.0070793247413299997,5.0116838793207065e-05,0.43331478695173098
2018-02-09,0,-0.028476331360900001,-0.0008109014477757769,0.94603198747882855
2018-02-12,0,0.0086055153530199997,7.4054894491062931e-05,0.46988551816703783
2018-02-13,0,0.0024990388312199998,6.245195079945423e-06,0.32356152046923914
2018-02-14,0,0.0030360531309299998,9.2176186138298544e-06,0.33642951052437631
2018-02-22,1,0,0,0.26367930346886054
2018-02-23,0,0.0088267745494699998,7.7911948947171323e-05,0.4751873530363584
2018-02-26,0,0.0061818181818200004,3.8214876033080336e-05,0.41180864551670437
2018-02-27,0,0.0095962339308300008,9.2087705655213002e-05,0.49362521525440262
2018-03-01,0,-0.0052493438320199998,-2.7555610666766418e-05,0.3894646024132401
2018-03-02,0,-0.0093144560357700003,-8.6759091242292192e-05,0.48687322531047067
2018-03-05,0,0.0030097817908200002,9.0587864283516482e-06,0.33579999406000438
2018-03-06,0,0.0111173921236,0.00012359640762988331,0.53007535914707993
2018-03-07,0,-0.0052025269416599998,-2.7066286578698151e-05,0.38834277143054513
2018-03-08,0,0.0067440989134500001,4.5482870154397473e-05,0.42528207232622761
2018-03-09,0,0.0051698670605599996,2.6727525423863289e-05,0.3875601721116374
2018-03-12,0,0.0090156393744200009,8.1281753329592266e-05,0.47971295075421105
2018-03-13,0,0.00239190432383,5.7212062943566497e-06,0.3209943527487501
2018-03-14,0,-0.00334448160535,-1.1185557208524513e-05,0.34382010430130361
2018-03-15,0,-0.0050401344035800001,-2.5402954806150724e-05,0.38445150528331146
2018-03-16,0,-0.00129390018484,-1.6741776883289863e-06,0.29468386837495819
2018-03-19,0,0.0031847133758000001,1.0142399285999433e-05,0.33999172209605039
2018-03-20,0,-0.0035296303176699999,-1.2458290179415224e-05,0.34825665615875284
2018-03-21,0,0.0063208774865200004,3.99534921995954e-05,0.41514079840522189
2018-03-22,0,0.0044801194698500003,2.0071470464129048e-05,0.37103237174839909
2018-03-23,0,-0.024335031126199998,-0.00059219373991312271,0.84679773940715752
2018-03-26,0,0.00058559437829400001,3.4292077588953638e-07,0.27771137419826331
2018-03-27,0,0.015729453401500001,0.00024741570430995992,0.64059003015258131
2018-03-28,0,-0.0107864287115,-0.00011634704434827156,0.52214478095238936
2018-03-29,0,-0.00060253062863999997,-3.6304315844931357e-07,0.2781172023133458
2018-04-02,0,0.0078879905344099999,6.2220394670941758e-05,0.45269211710644475
2018-04-03,0,-0.0055854777578300003,-3.1197561783213651e-05,0.39751907697165145
2018-04-04,0,0.0011992804317399999,1.4382735539544807e-06,0.29241658044134478
2018-04-09,1,0,0,0.26367930346886054
2018-04-10,0,-0.0019928258270199999,-3.9713547768379469e-06,0.31143159412026783
2018-04-11,0,-0.00077745383867799998,-6.0443447127515758e-07,0.2823087296681987
2018-04-12,0,0.0032971295578,1.0871063320918424e-05,0.34268544982880106
2018-04-13,0,0.0084529192058199996,7.1451843100120619e-05,0.46622899411231111
2018-04-16,0,0.00178571428571,3.1887755101887754e-06,0.30646876677038082
2018-04-17,0,0.00061025223759099997,3.7240779348482226e-07,0.27830222827493523
2018-04-18,0,0.0168793742281,0.00028491327433224645,0.66814454735794204
2018-04-19,0,0.0061462814996900003,3.7776776273431561e-05,0.41095711200542107
2018-04-20,0,-0.00342949364535,-1.1761426663496032e-05,0.3458571712581382
2018-04-23,0,-0.0034700959379500001,-1.2041565818577092e-05,0.34683008743127314
2018-04-24,0,-0.0016194331983799999,-2.6225638840152762e-06,0.30248432281930665
2018-04-25,0,-0.00415430267062,-1.7258230679120465e-05,0.36322511720312467
2018-04-26,0,0.00279441117764,7.8087338297193725e-06,0.33063926200861277
2018-05-02,1,0,0,0.26367930346886054
2018-05-03,0,-0.0024539877300599998,-6.0220557792850301e-06,0.32248200150296036
2018-05-04,0,-0.00122423995103,-1.4987634576979368e-06,0.29301466292476869
2018-05-07,0,0.0076147355422900003,5.7984197379014587e-05,0.44614435381035444
2018-05-08,0,0.00222626998583,4.9562780498075085e-06,0.31702540626943992
2018-05-09,0,0.0017874875868900001,3.1951118732858354e-06,0.30651125878960883
2018-05-10,0,0.0033817386115,1.1436156036509948e-05,0.34471286038783849
2018-05-11,0,0.0047477744807100002,2.2541362519681114e-05,0.37744594773662521
2018-05-14,0,0.0065541211519400001,4.2956504074307312e-05,0.42072980631184392
2018-05-15,0,0.0035280282242299999,1.2446983150963487e-05,0.34821826663641714
2018-05-16,0,-0.0052920423363400004,-2.8005712089614928e-05,0.39048774822007565
2018-05-17,0,0.0057711442786100003,3.3306106284532942e-05,0.40196803660691477
2018-05-18,0,0.00380837843255,1.4503746285511995e-05,0.35493604620870328
2018-05-21,0,0.0055172413793100001,3.0439952437570511e-05,0.39588399008352182
2018-05-22,0,0.00157666535278,2.4858736346568817e-06,0.30145951544982386
2018-05-23,0,-0.00079507056251200002,-6.3213719937314819e-07,0.28273086335667297
2018-05-24,0,-0.00060667340748200003,-3.6805262334582084e-07,0.27821647199195265
2018-05-25,0,-0.00020350020350000001,-4.1412332824541417e-08,0.26855559558300074
2018-05-28,0,0.0028559771521799999,8.1566054937741833e-06,0.33211451201320918
2018-05-29,0,-0.0038430420712,-1.4768972361013186e-05,0.35576665976529565
2018-05-30,0,-0.0095801059926599996,-9.1778430830600038e-05,0.4932387559960672
2018-06-01,0,-0.0028368794326200002,-8.047884915222375e-06,0.33165689055786512
2018-06-04,0,0.0059232026143799998,3.5084329210998067e-05,0.40561167357067107
2018-06-05,0,0.00020000000000000001,4.0000000000000001e-08,0.26847172335864233
2018-06-06,0,0.00119474313023,1.4274111472317789e-06,0.29230785717133245
2018-06-07,0,0.00339389099621,1.1518496094155306e-05,0.34500405703880094
2018-06-08,0,-0.0053849222177899999,-2.8997387291648371e-05,0.39271334517618339
2018-06-11,0,-0.00040567951318500002,-1.6457586741801859e-07,0.27340023630818444
2018-06-12,0,0.0012111425110999999,1.4668661821936133e-06,0.29270082076663995
2018-06-13,0,-0.0023899621589300001,-5.7119191211173468e-06,0.32094781440027015
2018-06-14,0,-0.0066185318892899997,-4.380496436954865e-05,0.42227322280580215
2018-06-15,0,0.00060337892196299999,3.6406612346923203e-07,0.27813752920231338
2018-06-19,1,0,0,0.26367930346886054
2018-06-20,0,0.00041450777202100002,1.7181669306581333e-07,0.27361177992437336
2018-06-21,0,-0.0020538098172099999,-4.2181347652681733e-06,0.31289289855799191
2018-06-22,0,-0.0024860161591100001,-6.1802763433560369e-06,0.32324946990504877
2018-06-25,0,0.0014504765851599999,2.1038823240974144e-06,0.29843576765077817
2018-06-26,0,0.000846023688663,7.1575608177894878e-07,0.28395180723273605
2018-06-27,0,0.0012817773979899999,1.6429532979980145e-06,0.29439338095086054
2018-06-28,0,-0.0052573932092000002,-2.7640183356142277e-05,0.38965748238972908
2018-07-02,0,-0.00087032201914700005,-7.5746041701211113e-07,0.28453404624423612
2018-07-03,0,0.0086738187628399993,7.5235131930595213e-05,0.47152221126584426
2018-07-04,0,-0.0054495912806499999,-2.9698045126136507e-05,0.39426295169170245
2018-07-05,0,-0.00321027287319,-1.0305851920339578e-05,0.3406041813143737
2018-07-06,0,0.0038964015585600002,1.5181945105548798e-05,0.35704526510795875
2018-07-09,0,0.0097065462753999996,9.4217040596481603e-05,0.49626853062543125
2018-07-10,0,0.00262295081967,6.8798710024075249e-06,0.32653071185939009
2018-07-11,0,-0.0276134122288,-0.00076250053491764137,0.92535463341908231
2018-07-12,0,0.00379294957608,1.4386466486685452e-05,0.35456633841558621
2018-07-13,0,0.0067700371260099998,4.5833402687553739e-05,0.42590360635511726
2018-07-16,0,-0.00065387968613800005,-4.2755864394392944e-07,0.27934763353572062
2018-07-17,0,0.0026431718061699998,6.9863571969319792e-06,0.32701524914885816
2018-07-18,0,0.0066637050199899999,4.4404964593439923e-05,0.42335566585605411
2018-07-19,0,0.0064645563976799998,4.1790489418785418e-05,0.41858364676314874
2018-07-20,0,-0.0017726567693299999,-3.1423120218514725e-06,0.30615588126432747
2018-07-23,0,-0.0071289695398600002,-5.0822206700251705e-05,0.43450438055122786
2018-07-24,0,0.0021445421402500001,4.5990609913080508e-06,0.31506703550590687
2018-07-25,0,0.00653594771242,4.2718612499488228e-05,0.42029433254673698
2018-07-26,0,0.0021088148460599999,4.4471000549630609e-06,0.31421093452948567
2018-07-27,0,0.0021372088053000001,4.5676614774518542e-06,0.31489131340454285
2018-07-30,0,-0.00299337181954,-8.960274850016211e-06,0.33540677669623931
2018-08-01,0,0.00745156482861,5.5525818394977581e-05,0.44223444094200492
2018-08-02,0,-0.00043601482450399999,-1.9010892718725392e-07,0.27412713405482392
2018-08-03,0,0.0017881090746499999,3.1973340628456789e-06,0.30652615094112023
2018-08-06,0,0.00589301903898,3.4727673393780761e-05,0.40488841173521262
2018-08-08,0,0.0035211267605599998,1.2398333663931758e-05,0.34805289307761356
2018-08-09,0,-0.0033534540576800002,-1.1245654116970458e-05,0.34403510309633567
2018-08-10,0,0.0030541012216399998,9.3275342720229384e-06,0.33686198066883227
2018-08-13,0,-0.0089500109146499994,-8.0102695372354113e-05,0.47814035507452357
2018-08-14,0,0.0022065313327399999,4.8687805223633603e-06,0.31655242670110983
2018-08-15,0,-0.00199203187251,-3.9681909810956967e-06,0.31141256930334127
2018-08-16,0,-0.0090888434446699997,-8.2607075161720832e-05,0.48146707396560645
2018-08-17,0,0.0090929756762899994,8.268220664960157e-05,0.48156609091063085
2018-08-20,0,0.00921446671274,8.4906396800193496e-05,0.48447727120819672
2018-08-21,0,0.00045289855072500003,2.0511709724880542e-07,0.27453170358159967
2018-08-22,0,0.00400623191631,1.6049894167260893e-05,0.35967703106287352
2018-08-23,0,0.0017825311943000001,3.1774174586525845e-06,0.30639249321745943
2018-08-24,0,-0.0044493882091200003,-1.9797055435456085e-05,0.37029598622259652
2018-08-27,0,0.00420447001549,1.7677568111154481e-05,0.36442723210998729
2018-08-28,0,0.0047753418710699998,2.2803889985594327e-05,0.37810652028597841
2018-08-29,0,0.00021743857360300001,4.7279533290507251e-08,0.26888958819356451
2018-08-30,0,0.00196420776953,3.8581121618820179e-06,0.31074584538065786
2018-09-03,0,-0.0072767364939399998,-5.2950894002238198e-05,0.43804518700015521
2018-09-04,0,0.00044395116537199999,1.970926372351569e-07,0.27431730544396338
2018-09-05,0,-0.0083023814725800005,-6.8929538116239655e-05,0.46262179397760095
2018-09-06,0,-0.00067430883344600002,-4.5469240286330539e-07,0.27983715879517129
2018-09-07,0,0.0024977293369699998,6.2386518407605948e-06,0.32353014223779286
2018-09-10,0,-0.0062992125984300002,-3.9680079360219235e-05,0.41462166220225982
2018-09-11,0,0.0018169429934100001,3.3012818413016917e-06,0.30721707216994915
2018-09-12,0,-0.0061799038681600001,-3.8191211819698934e-05,0.41176277454240701
2018-09-13,0,0.0168357933579,0.00028344393798990973,0.6671002582121397
2018-09-14,0,0.0052154195011300001,2.7200600572767099e-05,0.38865170422271622
2018-09-17,0,-0.0088075880758800001,-7.757360771438356e-05,0.47472760484812093
2018-09-18,0,-0.0038768529076400001,-1.5029988467476724e-05,0.35657683839052168
2018-09-19,0,-0.00044632894443200001,-1.9920952663778335e-07,0.27437428202226666
2018-09-20,0,0.0050705467372100001,2.5710444214230977e-05,0.38518024864622691
2018-09-21,0,0.0052875082617300003,2.7957743617863009e-05,0.39037910227336203
2018-09-25,1,0,0,0.26367930346886054
2018-09-26,0,0.00518134715026,2.6846358291507422e-05,0.38783525916271122
2018-09-27,0,0.00510421097405,2.6052969667612451e-05,0.38598691443725863
2018-10-08,1,0,0,0.26367930346886054
2018-10-09,0,-0.0026648900732800002,-7.1016391026662851e-06,0.32753566442520593
2018-10-10,0,-0.0055126791620700001,-3.03896315439208e-05,0.39577466978030945
2018-10-11,0,-0.028886438809299999,-0.00083442634708343316,0.95585902294212777
2018-10-12,0,0.010862029119500001,0.00011798367659286596,0.52395632544726345
2018-10-15,0,-0.0026978417266200001,-7.2783499818919835e-06,0.32832525521954498
2018-10-16,0,0.0029545454545499999,8.7293388430020651e-06,0.33447641547710927
2018-10-17,0,0.0152030859995,0.0002311338239081929,0.62797716211919352
2018-10-18,0,-0.00494938132733,-2.4496375523322874e-05,0.38227687104491453
2018-10-19,0,0.00023158869847200001,5.3633325259954943e-08,0.26922865489289
2018-10-22,0,0.0069444444444399997,4.8225308641913574e-05,0.43008277186395449
2018-10-23,0,-0.00172823503997,-2.9867963533801075e-06,0.30509144336771066
2018-10-24,0,0.0055728934462799997,3.105714136359057e-05,0.39721753044679431
2018-10-25,0,-0.015936254980100002,-0.0002539642227907621,0.64554543014518595
2018-10-26,0,0.0019858781994699999,3.9437122231302085e-06,0.31126511437798077
2018-10-29,0,0.0059933407325200002,3.592013313608337e-05,0.40729233013270105
2018-10-30,0,0.0016155088853000001,2.6098689584832489e-06,0.30239028803901502
2018-11-01,0,0.011023622047199999,0.0001215202430395139,0.52782843125105128
2018-11-02,0,0.023873270861199999,0.00056993306161222097,0.83573299401567303
2018-11-05,0,-0.012508087125300001,-0.00015645224353409563,0.56339933108091578
2018-11-06,0,0.0035080026310000002,1.2306082459102923e-05,0.34773841137991646
2018-11-07,0,0.0059628975264999998,3.5556146911539815e-05,0.40656284700250622
2018-11-08,0,0.0133037694013,0.00017699028028296616,0.58246554890816182
2018-11-09,0,-0.0083940799646599999,-7.0460578453106432e-05,0.46481908236413683
2018-11-12,0,0.00158874262369,2.5241031243293849e-06,0.30174891221644073
2018-11-13,0,-0.013544018058699999,-0.0001834404251743917,0.58822241112924756
2018-11-14,0,0.0042477084730600002,1.804302727210572e-05,0.36546331633029705
2018-11-15,0,0.00499092558984,2.4909338243319751e-05,0.38327235879471078
2018-11-16,0,0.0035858359480099998,1.2858219446040774e-05,0.34960346106254853
2018-11-19,0,0.0053703289326500004,2.8840432844857692e-05,0.39236365942637241
2018-11-20,0,-0.0079522862823099994,-6.3238857115815788e-05,0.45423277821176644
2018-11-21,0,-0.0092321549200599998,-8.5232684467988066e-05,0.48490111779107148
2018-11-22,0,0.0042792792792799997,1.8312231150075155e-05,0.36621981912862295
2018-11-23,0,0.0011309658448300001,1.2790837421720358e-06,0.29077961951599623
2018-11-26,0,0.0071231617647100004,5.073943352622649e-05,0.43436521406550671
2018-11-27,0,-0.00114468864469,-1.3103120932822289e-06,0.29110844661095903
2018-11-28,0,0.00230255583698,5.3017633824106688e-06,0.31885337542124087
2018-11-29,0,0.00614055037526,3.7706358911105725e-05,0.41081978223187532
2018-12-03,0,0.033725667723000001,0.001137420663362204,1.0718171074282423
2018-12-04,0,-0.00088202866593199995,-7.779745675257836e-07,0.28481456207871153
2018-12-05,0,-0.0143392896537,-0.00020561522777270787,0.60727878817752989
2018-12-06,0,-0.014898821436500001,-0.00022197488019671196,0.6206863444018087
2018-12-07,0,0.00294650951949,8.6819183484451903e-06,0.3342838576020366
2018-12-10,0,-0.0075085324232100001,-5.6378059150395839e-05,0.4435995041091752
2018-12-11,0,0.00137867647059,1.9007488105584993e-06,0.29671528616500881
2018-12-12,0,0.00755321583886,5.7051069508405575e-05,0.44467021255869743
2018-12-13,0,0.0013639463514399999,1.8603496496064879e-06,0.29636232158504222
2018-12-14,0,-0.0053763440860200001,-2.8905075731282229e-05,0.3925077951296248
2018-12-17,0,0.00068088969586899996,4.6361077794057929e-07,0.27999485007501085
2018-12-18,0,-0.0099773242630400005,-9.9546999449846694e-05,0.50275693969383639
2018-12-19,0,0.0046040515653800003,2.1197290816678031e-05,0.37400204494640066
2018-12-20,0,-0.0011641443539,-1.3552320767172485e-06,0.2915746462498981
2018-12-21,0,-0.00188902007084,-3.5683968280363588e-06,0.30894419026731346
2018-12-24,0,-0.0112520948049,-0.00012660963749845755,0.53330311819242504
2018-12-25,0,-0.013438924886,-0.00018060470209155013,0.58570415807360876
2018-12-26,0,0.0014489253803399999,2.0993847577934135e-06,0.29839859752661568
2018-12-27,0,0.0109276347742,0.00011941320175830508,0.52552837466959568
