date,NASDAQCOM,VIXCLS,nasdaq_observed,vix_observed,joint_observed
2014-01-01,,,False,False,False
2014-01-02,4143.07,14.23,True,True,True
2014-01-03,4131.91,13.76,True,True,True
2014-01-06,4113.68,13.55,True,True,True
2014-01-07,4153.18,12.92,True,True,True
2014-01-08,4165.61,12.87,True,True,True
2014-01-09,4156.19,12.89,True,True,True
2014-01-10,4174.66,12.14,True,True,True
2014-01-13,4113.3,13.28,True,True,True
2014-01-14,4183.02,12.28,True,True,True
2014-01-15,4214.88,12.28,True,True,True
2014-01-16,4218.69,12.53,True,True,True
2014-01-17,4197.58,12.44,True,True,True
2014-01-20,,,False,False,False
2014-01-21,4225.76,12.87,True,True,True
2014-01-22,4243,12.84,True,True,True
2014-01-23,4218.87,13.77,True,True,True
2014-01-24,4128.17,18.14,True,True,True
2014-01-27,4083.61,17.42,True,True,True
2014-01-28,4097.96,15.8,True,True,True
2014-01-29,4051.43,17.35,True,True,True
2014-01-30,4123.13,17.29,True,True,True
2014-01-31,4103.88,18.41,True,True,True
2014-02-03,3996.96,21.44,True,True,True
2014-02-04,4031.52,19.11,True,True,True
2014-02-05,4011.55,19.95,True,True,True
2014-02-06,4057.12,17.23,True,True,True
2014-02-07,4125.86,15.29,True,True,True
2014-02-10,4148.17,15.26,True,True,True
2014-02-11,4191.04,14.51,True,True,True
2014-02-12,4201.29,14.3,True,True,True
2014-02-13,4240.67,14.14,True,True,True
2014-02-14,4244.03,13.57,True,True,True
2014-02-17,,,False,False,False
2014-02-18,4272.78,13.87,True,True,True
2014-02-19,4237.95,15.5,True,True,True
2014-02-20,4267.55,14.79,True,True,True
2014-02-21,4263.41,14.68,True,True,True
2014-02-24,4292.97,14.23,True,True,True
2014-02-25,4287.59,13.67,True,True,True
2014-02-26,4292.06,14.35,True,True,True
2014-02-27,4318.93,14.04,True,True,True
2014-02-28,4308.12,14,True,True,True
2014-03-03,4277.3,16,True,True,True
2014-03-04,4351.97,14.1,True,True,True
2014-03-05,4357.97,13.89,True,True,True
2014-03-06,4352.13,14.21,True,True,True
2014-03-07,4336.22,14.11,True,True,True
2014-03-10,4334.45,14.2,True,True,True
2014-03-11,4307.19,14.8,True,True,True
2014-03-12,4323.33,14.47,True,True,True
2014-03-13,4260.42,16.22,True,True,True
2014-03-14,4245.4,17.82,True,True,True
2014-03-17,4279.95,15.64,True,True,True
2014-03-18,4333.31,14.52,True,True,True
2014-03-19,4307.6,15.12,True,True,True
2014-03-20,4319.29,14.52,True,True,True
2014-03-21,4276.79,15,True,True,True
2014-03-24,4226.39,15.09,True,True,True
2014-03-25,4234.27,14.02,True,True,True
2014-03-26,4173.58,14.93,True,True,True
2014-03-27,4151.23,14.62,True,True,True
2014-03-28,4155.76,14.41,True,True,True
2014-03-31,4198.99,13.88,True,True,True
2014-04-01,4268.04,13.1,True,True,True
2014-04-02,4276.46,13.09,True,True,True
2014-04-03,4237.74,13.37,True,True,True
2014-04-04,4127.73,13.96,True,True,True
2014-04-07,4079.75,15.57,True,True,True
2014-04-08,4112.99,14.89,True,True,True
2014-04-09,4183.9,13.82,True,True,True
2014-04-10,4054.11,15.89,True,True,True
2014-04-11,3999.73,17.03,True,True,True
2014-04-14,4022.69,16.11,True,True,True
2014-04-15,4034.16,15.61,True,True,True
2014-04-16,4086.23,14.18,True,True,True
2014-04-17,4095.52,13.36,True,True,True
2014-04-18,,,False,False,False
2014-04-21,4121.55,13.25,True,True,True
2014-04-22,4161.46,13.19,True,True,True
2014-04-23,4126.97,13.27,True,True,True
2014-04-24,4148.34,13.32,True,True,True
2014-04-25,4075.56,14.06,True,True,True
2014-04-28,4074.4,13.97,True,True,True
2014-04-29,4103.54,13.71,True,True,True
2014-04-30,4114.56,13.41,True,True,True
2014-05-01,4127.45,13.25,True,True,True
2014-05-02,4123.9,12.91,True,True,True
2014-05-05,4138.06,13.29,True,True,True
2014-05-06,4080.76,13.8,True,True,True
2014-05-07,4067.67,13.4,True,True,True
2014-05-08,4051.5,13.43,True,True,True
2014-05-09,4071.87,12.92,True,True,True
2014-05-12,4143.86,12.23,True,True,True
2014-05-13,4130.17,12.13,True,True,True
2014-05-14,4100.63,12.17,True,True,True
2014-05-15,4069.29,13.17,True,True,True
2014-05-16,4090.59,12.44,True,True,True
2014-05-19,4125.82,12.42,True,True,True
2014-05-20,4096.89,12.96,True,True,True
2014-05-21,4131.54,11.91,True,True,True
2014-05-22,4154.34,12.03,True,True,True
2014-05-23,4185.81,11.36,True,True,True
2014-05-26,,,False,False,False
2014-05-27,4237.07,11.51,True,True,True
2014-05-28,4225.07,11.68,True,True,True
2014-05-29,4247.95,11.57,True,True,True
2014-05-30,4242.62,11.4,True,True,True
2014-06-02,4237.2,11.58,True,True,True
2014-06-03,4234.08,11.87,True,True,True
2014-06-04,4251.64,12.08,True,True,True
2014-06-05,4296.23,11.68,True,True,True
2014-06-06,4321.4,10.73,True,True,True
2014-06-09,4336.24,11.15,True,True,True
2014-06-10,4338,10.99,True,True,True
2014-06-11,4331.93,11.6,True,True,True
2014-06-12,4297.63,12.56,True,True,True
2014-06-13,4310.65,12.18,True,True,True
2014-06-16,4321.11,12.65,True,True,True
2014-06-17,4337.23,12.06,True,True,True
2014-06-18,4362.84,10.61,True,True,True
2014-06-19,4359.33,10.62,True,True,True
2014-06-20,4368.04,10.85,True,True,True
2014-06-23,4368.68,10.98,True,True,True
2014-06-24,4350.36,12.13,True,True,True
2014-06-25,4379.76,11.59,True,True,True
2014-06-26,4379.05,11.63,True,True,True
2014-06-27,4397.93,11.26,True,True,True
2014-06-30,4408.18,11.57,True,True,True
2014-07-01,4458.65,11.15,True,True,True
2014-07-02,4457.73,10.82,True,True,True
2014-07-03,4485.93,10.32,True,True,True
2014-07-04,,,False,False,False
2014-07-07,4451.53,11.33,True,True,True
2014-07-08,4391.46,11.98,True,True,True
2014-07-09,4419.03,11.65,True,True,True
2014-07-10,4396.2,12.59,True,True,True
2014-07-11,4415.49,12.08,True,True,True
2014-07-14,4440.42,11.82,True,True,True
2014-07-15,4416.39,11.96,True,True,True
2014-07-16,4425.97,11,True,True,True
2014-07-17,4363.45,14.54,True,True,True
2014-07-18,4432.15,12.06,True,True,True
2014-07-21,4424.7,12.81,True,True,True
2014-07-22,4456.02,12.24,True,True,True
2014-07-23,4473.7,11.52,True,True,True
2014-07-24,4472.11,11.84,True,True,True
2014-07-25,4449.56,12.69,True,True,True
2014-07-28,4444.91,12.56,True,True,True
2014-07-29,4442.7,13.28,True,True,True
2014-07-30,4462.9,13.33,True,True,True
2014-07-31,4369.77,16.95,True,True,True
2014-08-01,4352.64,17.03,True,True,True
2014-08-04,4383.89,15.12,True,True,True
2014-08-05,4352.84,16.87,True,True,True
2014-08-06,4355.05,16.37,True,True,True
2014-08-07,4334.97,16.66,True,True,True
2014-08-08,4370.9,15.77,True,True,True
2014-08-11,4401.33,14.23,True,True,True
2014-08-12,4389.25,14.13,True,True,True
2014-08-13,4434.13,12.9,True,True,True
2014-08-14,4453,12.42,True,True,True
2014-08-15,4464.93,13.15,True,True,True
2014-08-18,4508.31,12.32,True,True,True
2014-08-19,4527.51,12.21,True,True,True
2014-08-20,4526.48,11.78,True,True,True
2014-08-21,4532.1,11.76,True,True,True
2014-08-22,4538.55,11.47,True,True,True
2014-08-25,4557.35,11.7,True,True,True
2014-08-26,4570.64,11.63,True,True,True
2014-08-27,4569.62,11.78,True,True,True
2014-08-28,4557.69,12.05,True,True,True
2014-08-29,4580.27,11.98,True,True,True
2014-09-01,,,False,False,False
2014-09-02,4598.19,12.25,True,True,True
2014-09-03,4572.57,12.36,True,True,True
2014-09-04,4562.29,12.64,True,True,True
2014-09-05,4582.9,12.09,True,True,True
2014-09-08,4592.29,12.66,True,True,True
2014-09-09,4552.29,13.5,True,True,True
2014-09-10,4586.52,12.88,True,True,True
2014-09-11,4591.81,12.8,True,True,True
2014-09-12,4567.6,13.31,True,True,True
2014-09-15,4518.9,14.12,True,True,True
2014-09-16,4552.76,12.73,True,True,True
2014-09-17,4562.19,12.65,True,True,True
2014-09-18,4593.43,12.03,True,True,True
2014-09-19,4579.79,12.11,True,True,True
2014-09-22,4527.69,13.69,True,True,True
2014-09-23,4508.69,14.93,True,True,True
2014-09-24,4555.22,13.27,True,True,True
2014-09-25,4466.75,15.64,True,True,True
2014-09-26,4512.19,14.85,True,True,True
2014-09-29,4505.85,15.98,True,True,True
2014-09-30,4493.39,16.31,True,True,True
2014-10-01,4422.09,16.71,True,True,True
2014-10-02,4430.19,16.16,True,True,True
2014-10-03,4475.62,14.55,True,True,True
2014-10-06,4454.8,15.46,True,True,True
2014-10-07,4385.2,17.2,True,True,True
2014-10-08,4468.59,15.11,True,True,True
2014-10-09,4378.34,18.76,True,True,True
2014-10-10,4276.24,21.24,True,True,True
2014-10-13,4213.66,24.64,True,True,True
2014-10-14,4227.17,22.79,True,True,True
2014-10-15,4215.32,26.25,True,True,True
2014-10-16,4217.39,25.2,True,True,True
2014-10-17,4258.44,21.99,True,True,True
2014-10-20,4316.07,18.57,True,True,True
2014-10-21,4419.48,16.08,True,True,True
2014-10-22,4382.85,17.87,True,True,True
2014-10-23,4452.79,16.53,True,True,True
2014-10-24,4483.72,16.11,True,True,True
2014-10-27,4485.93,16.04,True,True,True
2014-10-28,4564.29,14.39,True,True,True
2014-10-29,4549.23,15.15,True,True,True
2014-10-30,4566.14,14.52,True,True,True
2014-10-31,4630.74,14.03,True,True,True
2014-11-03,4638.91,14.73,True,True,True
2014-11-04,4623.64,14.89,True,True,True
2014-11-05,4620.72,14.17,True,True,True
2014-11-06,4638.47,13.67,True,True,True
2014-11-07,4632.53,13.12,True,True,True
2014-11-10,4651.62,12.67,True,True,True
2014-11-11,4660.56,12.92,True,True,True
2014-11-12,4675.13,13.02,True,True,True
2014-11-13,4680.14,13.79,True,True,True
2014-11-14,4688.54,13.31,True,True,True
2014-11-17,4671,13.99,True,True,True
2014-11-18,4702.44,13.86,True,True,True
2014-11-19,4675.71,13.96,True,True,True
2014-11-20,4701.87,13.58,True,True,True
2014-11-21,4712.97,12.9,True,True,True
2014-11-24,4754.89,12.62,True,True,True
2014-11-25,4758.25,12.25,True,True,True
2014-11-26,4787.32,12.07,True,True,True
2014-11-27,,,False,False,False
2014-11-28,4791.63,13.33,True,True,True
2014-12-01,4727.35,14.29,True,True,True
2014-12-02,4755.81,12.85,True,True,True
2014-12-03,4774.47,12.47,True,True,True
2014-12-04,4769.44,12.38,True,True,True
2014-12-05,4780.76,11.82,True,True,True
2014-12-08,4740.69,14.21,True,True,True
2014-12-09,4766.47,14.89,True,True,True
2014-12-10,4684.03,18.53,True,True,True
2014-12-11,4708.16,20.08,True,True,True
2014-12-12,4653.6,21.08,True,True,True
2014-12-15,4605.16,20.42,True,True,True
2014-12-16,4547.83,23.57,True,True,True
2014-12-17,4644.31,19.44,True,True,True
2014-12-18,4748.4,16.81,True,True,True
2014-12-19,4765.38,16.49,True,True,True
2014-12-22,4781.42,15.25,True,True,True
2014-12-23,4765.42,14.8,True,True,True
2014-12-24,4773.47,14.37,True,True,True
2014-12-25,,,False,False,False
2014-12-26,4806.86,14.5,True,True,True
2014-12-29,4806.91,15.06,True,True,True
2014-12-30,4777.44,15.92,True,True,True
2014-12-31,4736.05,19.2,True,True,True
2015-01-01,,,False,False,False
2015-01-02,4726.81,17.79,True,True,True
2015-01-05,4652.57,19.92,True,True,True
2015-01-06,4592.74,21.12,True,True,True
2015-01-07,4650.47,19.31,True,True,True
2015-01-08,4736.19,17.01,True,True,True
2015-01-09,4704.07,17.55,True,True,True
2015-01-12,4664.71,19.6,True,True,True
2015-01-13,4661.5,20.56,True,True,True
2015-01-14,4639.32,21.48,True,True,True
2015-01-15,4570.82,22.39,True,True,True
2015-01-16,4634.38,20.95,True,True,True
2015-01-19,,,False,False,False
2015-01-20,4654.85,19.89,True,True,True
2015-01-21,4667.42,18.85,True,True,True
2015-01-22,4750.4,16.4,True,True,True
2015-01-23,4757.88,16.66,True,True,True
2015-01-26,4771.76,15.52,True,True,True
2015-01-27,4681.5,17.22,True,True,True
2015-01-28,4637.99,20.44,True,True,True
2015-01-29,4683.41,18.76,True,True,True
2015-01-30,4635.24,20.97,True,True,True
2015-02-02,4676.69,19.43,True,True,True
2015-02-03,4727.74,17.33,True,True,True
2015-02-04,4716.7,18.33,True,True,True
2015-02-05,4765.1,16.85,True,True,True
2015-02-06,4744.4,17.29,True,True,True
2015-02-09,4726.01,18.55,True,True,True
2015-02-10,4787.64,17.23,True,True,True
2015-02-11,4801.18,16.96,True,True,True
2015-02-12,4857.61,15.34,True,True,True
2015-02-13,4893.84,14.69,True,True,True
2015-02-16,,,False,False,False
2015-02-17,4899.27,15.8,True,True,True
2015-02-18,4906.36,15.45,True,True,True
2015-02-19,4924.7,15.29,True,True,True
2015-02-20,4955.97,14.3,True,True,True
2015-02-23,4960.97,14.56,True,True,True
2015-02-24,4968.12,13.69,True,True,True
2015-02-25,4967.14,13.84,True,True,True
2015-02-26,4987.89,13.91,True,True,True
2015-02-27,4963.53,13.34,True,True,True
2015-03-02,5008.1,13.04,True,True,True
2015-03-03,4979.9,13.86,True,True,True
2015-03-04,4967.14,14.23,True,True,True
2015-03-05,4982.81,14.04,True,True,True
2015-03-06,4927.37,15.2,True,True,True
2015-03-09,4942.44,15.06,True,True,True
2015-03-10,4859.79,16.69,True,True,True
2015-03-11,4849.94,16.87,True,True,True
2015-03-12,4893.29,15.42,True,True,True
2015-03-13,4871.76,16,True,True,True
2015-03-16,4929.51,15.61,True,True,True
2015-03-17,4937.43,15.66,True,True,True
2015-03-18,4982.83,13.97,True,True,True
2015-03-19,4992.38,14.07,True,True,True
2015-03-20,5026.42,13.02,True,True,True
2015-03-23,5010.97,13.41,True,True,True
2015-03-24,4994.73,13.62,True,True,True
2015-03-25,4876.52,15.44,True,True,True
2015-03-26,4863.36,15.8,True,True,True
2015-03-27,4891.22,15.07,True,True,True
2015-03-30,4947.44,14.51,True,True,True
2015-03-31,4900.88,15.29,True,True,True
2015-04-01,4880.23,15.11,True,True,True
2015-04-02,4886.94,14.67,True,True,True
2015-04-03,,,False,False,False
2015-04-06,4917.32,14.74,True,True,True
2015-04-07,4910.23,14.78,True,True,True
2015-04-08,4950.82,13.98,True,True,True
2015-04-09,4974.56,13.09,True,True,True
2015-04-10,4995.98,12.58,True,True,True
2015-04-13,4988.25,13.94,True,True,True
2015-04-14,4977.29,13.67,True,True,True
2015-04-15,5011.02,12.84,True,True,True
2015-04-16,5007.79,12.6,True,True,True
2015-04-17,4931.81,13.89,True,True,True
2015-04-20,4994.6,13.3,True,True,True
2015-04-21,5014.1,13.25,True,True,True
2015-04-22,5035.17,12.71,True,True,True
2015-04-23,5056.06,12.48,True,True,True
2015-04-24,5092.08,12.29,True,True,True
2015-04-27,5060.25,13.12,True,True,True
2015-04-28,5055.42,12.41,True,True,True
2015-04-29,5023.64,13.39,True,True,True
2015-04-30,4941.42,14.55,True,True,True
2015-05-01,5005.39,12.7,True,True,True
2015-05-04,5016.93,12.85,True,True,True
2015-05-05,4939.33,14.31,True,True,True
2015-05-06,4919.64,15.15,True,True,True
2015-05-07,4945.54,15.13,True,True,True
2015-05-08,5003.55,12.86,True,True,True
2015-05-11,4993.57,13.85,True,True,True
2015-05-12,4976.19,13.86,True,True,True
2015-05-13,4981.69,13.76,True,True,True
2015-05-14,5050.8,12.74,True,True,True
2015-05-15,5048.29,12.38,True,True,True
2015-05-18,5078.44,12.73,True,True,True
2015-05-19,5070.03,12.85,True,True,True
2015-05-20,5071.74,12.88,True,True,True
2015-05-21,5090.79,12.11,True,True,True
2015-05-22,5089.36,12.13,True,True,True
2015-05-25,,,False,False,False
2015-05-26,5032.75,14.06,True,True,True
2015-05-27,5106.59,13.27,True,True,True
2015-05-28,5097.98,13.31,True,True,True
2015-05-29,5070.03,13.84,True,True,True
2015-06-01,5082.93,13.97,True,True,True
2015-06-02,5076.52,14.24,True,True,True
2015-06-03,5099.23,13.66,True,True,True
2015-06-04,5059.12,14.71,True,True,True
2015-06-05,5068.46,14.21,True,True,True
2015-06-08,5021.63,15.29,True,True,True
2015-06-09,5013.87,14.47,True,True,True
2015-06-10,5076.69,13.22,True,True,True
2015-06-11,5082.51,12.85,True,True,True
2015-06-12,5051.1,13.78,True,True,True
2015-06-15,5029.97,15.39,True,True,True
2015-06-16,5055.55,14.81,True,True,True
2015-06-17,5064.88,14.5,True,True,True
2015-06-18,5132.95,13.19,True,True,True
2015-06-19,5117,13.96,True,True,True
2015-06-22,5153.97,12.74,True,True,True
2015-06-23,5160.09,12.11,True,True,True
2015-06-24,5122.41,13.26,True,True,True
2015-06-25,5112.19,14.01,True,True,True
2015-06-26,5080.51,14.02,True,True,True
2015-06-29,4958.47,18.85,True,True,True
2015-06-30,4986.87,18.23,True,True,True
2015-07-01,5013.12,16.09,True,True,True
2015-07-02,5009.21,16.79,True,True,True
2015-07-03,,,False,False,False
2015-07-06,4991.94,17.01,True,True,True
2015-07-07,4997.46,16.09,True,True,True
2015-07-08,4909.76,19.66,True,True,True
2015-07-09,4922.4,19.97,True,True,True
2015-07-10,4997.7,16.83,True,True,True
2015-07-13,5071.51,13.9,True,True,True
2015-07-14,5104.89,13.37,True,True,True
2015-07-15,5098.94,13.23,True,True,True
2015-07-16,5163.18,12.11,True,True,True
2015-07-17,5210.14,11.95,True,True,True
2015-07-20,5218.86,12.25,True,True,True
2015-07-21,5208.12,12.22,True,True,True
2015-07-22,5171.77,12.12,True,True,True
2015-07-23,5146.41,12.64,True,True,True
2015-07-24,5088.63,13.74,True,True,True
2015-07-27,5039.78,15.6,True,True,True
2015-07-28,5089.21,13.44,True,True,True
2015-07-29,5111.73,12.5,True,True,True
2015-07-30,5128.78,12.13,True,True,True
2015-07-31,5128.28,12.12,True,True,True
2015-08-03,5115.38,12.56,True,True,True
2015-08-04,5105.55,13,True,True,True
2015-08-05,5139.94,12.51,True,True,True
2015-08-06,5056.44,13.77,True,True,True
2015-08-07,5043.54,13.39,True,True,True
2015-08-10,5101.8,12.23,True,True,True
2015-08-11,5036.79,13.71,True,True,True
2015-08-12,5044.39,13.61,True,True,True
2015-08-13,5033.56,13.49,True,True,True
2015-08-14,5048.24,12.83,True,True,True
2015-08-17,5091.7,13.02,True,True,True
2015-08-18,5059.35,13.79,True,True,True
2015-08-19,5019.05,15.25,True,True,True
2015-08-20,4877.49,19.14,True,True,True
2015-08-21,4706.04,28.03,True,True,True
2015-08-24,4526.25,40.74,True,True,True
2015-08-25,4506.49,36.02,True,True,True
2015-08-26,4697.54,30.32,True,True,True
2015-08-27,4812.71,26.1,True,True,True
2015-08-28,4828.32,26.05,True,True,True
2015-08-31,4776.51,28.43,True,True,True
2015-09-01,4636.1,31.4,True,True,True
2015-09-02,4749.98,26.09,True,True,True
2015-09-03,4733.5,25.61,True,True,True
2015-09-04,4683.92,27.8,True,True,True
2015-09-07,,,False,False,False
2015-09-08,4811.93,24.9,True,True,True
2015-09-09,4756.53,26.23,True,True,True
2015-09-10,4796.25,24.37,True,True,True
2015-09-11,4822.34,23.2,True,True,True
2015-09-14,4805.76,24.25,True,True,True
2015-09-15,4860.52,22.54,True,True,True
2015-09-16,4889.24,21.35,True,True,True
2015-09-17,4893.95,21.14,True,True,True
2015-09-18,4827.23,22.28,True,True,True
2015-09-21,4828.95,20.14,True,True,True
2015-09-22,4756.72,22.44,True,True,True
2015-09-23,4752.74,22.13,True,True,True
2015-09-24,4734.48,23.47,True,True,True
2015-09-25,4686.5,23.62,True,True,True
2015-09-28,4543.97,27.63,True,True,True
2015-09-29,4517.32,26.83,True,True,True
2015-09-30,4620.16,24.5,True,True,True
2015-10-01,4627.08,22.55,True,True,True
2015-10-02,4707.78,20.94,True,True,True
2015-10-05,4781.26,19.54,True,True,True
2015-10-06,4748.36,19.4,True,True,True
2015-10-07,4791.15,18.4,True,True,True
2015-10-08,4810.79,17.42,True,True,True
2015-10-09,4830.47,17.08,True,True,True
2015-10-12,4838.64,16.17,True,True,True
2015-10-13,4796.61,17.67,True,True,True
2015-10-14,4782.85,18.03,True,True,True
2015-10-15,4870.1,16.05,True,True,True
2015-10-16,4886.69,15.05,True,True,True
2015-10-19,4905.47,14.98,True,True,True
2015-10-20,4880.97,15.75,True,True,True
2015-10-21,4840.12,16.7,True,True,True
2015-10-22,4920.05,14.45,True,True,True
2015-10-23,5031.86,14.46,True,True,True
2015-10-26,5034.7,15.29,True,True,True
2015-10-27,5030.15,15.43,True,True,True
2015-10-28,5095.69,14.33,True,True,True
2015-10-29,5074.27,14.61,True,True,True
2015-10-30,5053.75,15.07,True,True,True
2015-11-02,5127.15,14.15,True,True,True
2015-11-03,5145.13,14.54,True,True,True
2015-11-04,5142.48,15.51,True,True,True
2015-11-05,5127.74,15.05,True,True,True
2015-11-06,5147.12,14.33,True,True,True
2015-11-09,5095.3,16.52,True,True,True
2015-11-10,5083.24,15.29,True,True,True
2015-11-11,5067.02,16.06,True,True,True
2015-11-12,5005.08,18.37,True,True,True
2015-11-13,4927.88,20.08,True,True,True
2015-11-16,4984.62,18.16,True,True,True
2015-11-17,4986.01,18.84,True,True,True
2015-11-18,5075.2,16.85,True,True,True
2015-11-19,5073.64,16.99,True,True,True
2015-11-20,5104.92,15.47,True,True,True
2015-11-23,5102.48,15.62,True,True,True
2015-11-24,5102.81,15.93,True,True,True
2015-11-25,5116.14,15.19,True,True,True
2015-11-26,,,False,False,False
2015-11-27,5127.52,15.12,True,True,True
2015-11-30,5108.67,16.13,True,True,True
2015-12-01,5156.31,14.67,True,True,True
2015-12-02,5123.22,15.91,True,True,True
2015-12-03,5037.53,18.11,True,True,True
2015-12-04,5142.27,14.81,True,True,True
2015-12-07,5101.81,15.84,True,True,True
2015-12-08,5098.24,17.6,True,True,True
2015-12-09,5022.87,19.61,True,True,True
2015-12-10,5045.17,19.34,True,True,True
2015-12-11,4933.47,24.39,True,True,True
2015-12-14,4952.23,22.73,True,True,True
2015-12-15,4995.36,20.95,True,True,True
2015-12-16,5071.13,17.86,True,True,True
2015-12-17,5002.55,18.94,True,True,True
2015-12-18,4923.08,20.7,True,True,True
2015-12-21,4968.92,18.7,True,True,True
2015-12-22,5001.11,16.6,True,True,True
2015-12-23,5045.93,15.57,True,True,True
2015-12-24,5048.49,15.74,True,True,True
2015-12-25,,,False,False,False
2015-12-28,5040.99,16.91,True,True,True
2015-12-29,5107.94,16.08,True,True,True
2015-12-30,5065.85,17.29,True,True,True
2015-12-31,5007.41,18.21,True,True,True
2016-01-01,,,False,False,False
2016-01-04,4903.09,20.7,True,True,True
2016-01-05,4891.43,19.34,True,True,True
2016-01-06,4835.76,20.59,True,True,True
2016-01-07,4689.43,24.99,True,True,True
2016-01-08,4643.63,27.01,True,True,True
2016-01-11,4637.99,24.3,True,True,True
2016-01-12,4685.92,22.47,True,True,True
2016-01-13,4526.06,25.22,True,True,True
2016-01-14,4615,23.95,True,True,True
2016-01-15,4488.42,27.02,True,True,True
2016-01-18,,,False,False,False
2016-01-19,4476.95,26.05,True,True,True
2016-01-20,4471.69,27.59,True,True,True
2016-01-21,4472.06,26.69,True,True,True
2016-01-22,4591.18,22.34,True,True,True
2016-01-25,4518.49,24.15,True,True,True
2016-01-26,4567.67,22.5,True,True,True
2016-01-27,4468.17,23.11,True,True,True
2016-01-28,4506.68,22.42,True,True,True
2016-01-29,4613.95,20.2,True,True,True
2016-02-01,4620.37,19.98,True,True,True
2016-02-02,4516.95,21.98,True,True,True
2016-02-03,4504.24,21.65,True,True,True
2016-02-04,4509.56,21.84,True,True,True
2016-02-05,4363.14,23.38,True,True,True
2016-02-08,4283.75,26,True,True,True
2016-02-09,4268.76,26.54,True,True,True
2016-02-10,4283.59,26.29,True,True,True
2016-02-11,4266.84,28.14,True,True,True
2016-02-12,4337.51,25.4,True,True,True
2016-02-15,,,False,False,False
2016-02-16,4435.96,24.11,True,True,True
2016-02-17,4534.06,22.31,True,True,True
2016-02-18,4487.54,21.64,True,True,True
2016-02-19,4504.43,20.53,True,True,True
2016-02-22,4570.61,19.38,True,True,True
2016-02-23,4503.58,20.98,True,True,True
2016-02-24,4542.61,20.72,True,True,True
2016-02-25,4582.2,19.11,True,True,True
2016-02-26,4590.47,19.81,True,True,True
2016-02-29,4557.95,20.55,True,True,True
2016-03-01,4689.6,17.7,True,True,True
2016-03-02,4703.42,17.09,True,True,True
2016-03-03,4707.42,16.7,True,True,True
2016-03-04,4717.02,16.86,True,True,True
2016-03-07,4708.25,17.35,True,True,True
2016-03-08,4648.82,18.67,True,True,True
2016-03-09,4674.38,18.34,True,True,True
2016-03-10,4662.16,18.05,True,True,True
2016-03-11,4748.47,16.5,True,True,True
2016-03-14,4750.28,16.92,True,True,True
2016-03-15,4728.67,16.84,True,True,True
2016-03-16,4763.97,14.99,True,True,True
2016-03-17,4774.99,14.44,True,True,True
2016-03-18,4795.65,14.02,True,True,True
2016-03-21,4808.87,13.79,True,True,True
2016-03-22,4821.66,14.17,True,True,True
2016-03-23,4768.86,14.94,True,True,True
2016-03-24,4773.5,14.74,True,True,True
2016-03-25,,,False,False,False
2016-03-28,4766.79,15.24,True,True,True
2016-03-29,4846.62,13.82,True,True,True
2016-03-30,4869.29,13.56,True,True,True
2016-03-31,4869.85,13.95,True,True,True
2016-04-01,4914.54,13.1,True,True,True
2016-04-04,4891.8,14.12,True,True,True
2016-04-05,4843.93,15.42,True,True,True
2016-04-06,4920.72,14.09,True,True,True
2016-04-07,4848.37,16.16,True,True,True
2016-04-08,4850.69,15.36,True,True,True
2016-04-11,4833.4,16.26,True,True,True
2016-04-12,4872.09,14.85,True,True,True
2016-04-13,4947.42,13.84,True,True,True
2016-04-14,4945.89,13.72,True,True,True
2016-04-15,4938.22,13.62,True,True,True
2016-04-18,4960.02,13.35,True,True,True
2016-04-19,4940.33,13.24,True,True,True
2016-04-20,4948.15,13.28,True,True,True
2016-04-21,4945.93,13.95,True,True,True
2016-04-22,4906.2,13.22,True,True,True
2016-04-25,4895.79,14.08,True,True,True
2016-04-26,4888.28,13.96,True,True,True
2016-04-27,4863.14,13.77,True,True,True
2016-04-28,4805.29,15.22,True,True,True
2016-04-29,4775.36,15.7,True,True,True
2016-05-02,4817.59,14.68,True,True,True
2016-05-03,4763.22,15.6,True,True,True
2016-05-04,4725.64,16.05,True,True,True
2016-05-05,4717.09,15.91,True,True,True
2016-05-06,4736.16,14.72,True,True,True
2016-05-09,4750.21,14.57,True,True,True
2016-05-10,4809.88,13.63,True,True,True
2016-05-11,4760.69,14.69,True,True,True
2016-05-12,4737.33,14.41,True,True,True
2016-05-13,4717.68,15.04,True,True,True
2016-05-16,4775.46,14.68,True,True,True
2016-05-17,4715.73,15.57,True,True,True
2016-05-18,4739.12,15.95,True,True,True
2016-05-19,4712.53,16.33,True,True,True
2016-05-20,4769.56,15.2,True,True,True
2016-05-23,4765.78,15.82,True,True,True
2016-05-24,4861.06,14.42,True,True,True
2016-05-25,4894.89,13.9,True,True,True
2016-05-26,4901.77,13.43,True,True,True
2016-05-27,4933.5,13.12,True,True,True
2016-05-30,,,False,False,False
2016-05-31,4948.05,14.19,True,True,True
2016-06-01,4952.25,14.2,True,True,True
2016-06-02,4971.36,13.63,True,True,True
2016-06-03,4942.52,13.47,True,True,True
2016-06-06,4968.71,13.65,True,True,True
2016-06-07,4961.75,14.05,True,True,True
2016-06-08,4974.64,14.08,True,True,True
2016-06-09,4958.62,14.64,True,True,True
2016-06-10,4894.55,17.03,True,True,True
2016-06-13,4848.44,20.97,True,True,True
2016-06-14,4843.55,20.5,True,True,True
2016-06-15,4834.93,20.14,True,True,True
2016-06-16,4844.91,19.37,True,True,True
2016-06-17,4800.34,19.41,True,True,True
2016-06-20,4837.21,18.37,True,True,True
2016-06-21,4843.76,18.48,True,True,True
2016-06-22,4833.32,21.17,True,True,True
2016-06-23,4910.04,17.25,True,True,True
2016-06-24,4707.98,25.76,True,True,True
2016-06-27,4594.44,23.85,True,True,True
2016-06-28,4691.87,18.75,True,True,True
2016-06-29,4779.25,16.64,True,True,True
2016-06-30,4842.67,15.63,True,True,True
2016-07-01,4862.57,14.77,True,True,True
2016-07-04,,,False,False,False
2016-07-05,4822.9,15.58,True,True,True
2016-07-06,4859.16,14.96,True,True,True
2016-07-07,4876.81,14.76,True,True,True
2016-07-08,4956.76,13.2,True,True,True
2016-07-11,4988.64,13.54,True,True,True
2016-07-12,5022.82,13.55,True,True,True
2016-07-13,5005.73,13.04,True,True,True
2016-07-14,5034.06,12.82,True,True,True
2016-07-15,5029.59,12.67,True,True,True
2016-07-18,5055.78,12.44,True,True,True
2016-07-19,5036.37,11.97,True,True,True
2016-07-20,5089.93,11.77,True,True,True
2016-07-21,5073.9,12.74,True,True,True
2016-07-22,5100.16,12.02,True,True,True
2016-07-25,5097.63,12.87,True,True,True
2016-07-26,5110.05,13.05,True,True,True
2016-07-27,5139.81,12.83,True,True,True
2016-07-28,5154.98,12.72,True,True,True
2016-07-29,5162.13,11.87,True,True,True
2016-08-01,5184.2,12.44,True,True,True
2016-08-02,5137.73,13.37,True,True,True
2016-08-03,5159.74,12.86,True,True,True
2016-08-04,5166.25,12.42,True,True,True
2016-08-05,5221.12,11.39,True,True,True
2016-08-08,5213.14,11.5,True,True,True
2016-08-09,5225.48,11.66,True,True,True
2016-08-10,5204.58,12.05,True,True,True
2016-08-11,5228.4,11.68,True,True,True
2016-08-12,5232.89,11.55,True,True,True
2016-08-15,5262.02,11.81,True,True,True
2016-08-16,5227.11,12.64,True,True,True
2016-08-17,5228.66,12.19,True,True,True
2016-08-18,5240.15,11.43,True,True,True
2016-08-19,5238.38,11.34,True,True,True
2016-08-22,5244.6,12.27,True,True,True
2016-08-23,5260.08,12.38,True,True,True
2016-08-24,5217.69,13.45,True,True,True
2016-08-25,5212.2,13.63,True,True,True
2016-08-26,5218.92,13.65,True,True,True
2016-08-29,5232.33,12.94,True,True,True
2016-08-30,5222.99,13.12,True,True,True
2016-08-31,5213.22,13.42,True,True,True
2016-09-01,5227.21,13.48,True,True,True
2016-09-02,5249.9,11.98,True,True,True
2016-09-05,,,False,False,False
2016-09-06,5275.91,12.02,True,True,True
2016-09-07,5283.93,11.94,True,True,True
2016-09-08,5259.48,12.51,True,True,True
2016-09-09,5125.91,17.5,True,True,True
2016-09-12,5211.89,15.16,True,True,True
2016-09-13,5155.25,17.85,True,True,True
2016-09-14,5173.77,18.14,True,True,True
2016-09-15,5249.69,16.3,True,True,True
2016-09-16,5244.57,15.37,True,True,True
2016-09-19,5235.03,15.53,True,True,True
2016-09-20,5241.35,15.92,True,True,True
2016-09-21,5295.18,13.3,True,True,True
2016-09-22,5339.52,12.02,True,True,True
2016-09-23,5305.75,12.29,True,True,True
2016-09-26,5257.49,14.5,True,True,True
2016-09-27,5305.71,13.1,True,True,True
2016-09-28,5318.55,12.39,True,True,True
2016-09-29,5269.15,14.02,True,True,True
2016-09-30,5312,13.29,True,True,True
2016-10-03,5300.87,13.57,True,True,True
2016-10-04,5289.66,13.63,True,True,True
2016-10-05,5316.02,12.99,True,True,True
2016-10-06,5306.85,12.84,True,True,True
2016-10-07,5292.4,13.48,True,True,True
2016-10-10,5328.67,13.38,True,True,True
2016-10-11,5246.79,15.36,True,True,True
2016-10-12,5239.02,15.91,True,True,True
2016-10-13,5213.33,16.69,True,True,True
2016-10-14,5214.16,16.12,True,True,True
2016-10-17,5199.82,16.21,True,True,True
2016-10-18,5243.84,15.28,True,True,True
2016-10-19,5246.41,14.41,True,True,True
2016-10-20,5241.83,13.75,True,True,True
2016-10-21,5257.4,13.34,True,True,True
2016-10-24,5309.83,13.02,True,True,True
2016-10-25,5283.4,13.46,True,True,True
2016-10-26,5250.27,14.24,True,True,True
2016-10-27,5215.97,15.36,True,True,True
2016-10-28,5190.1,16.19,True,True,True
2016-10-31,5189.13,17.06,True,True,True
2016-11-01,5153.58,18.56,True,True,True
2016-11-02,5105.57,19.32,True,True,True
2016-11-03,5058.41,22.08,True,True,True
2016-11-04,5046.37,22.51,True,True,True
2016-11-07,5166.17,18.71,True,True,True
2016-11-08,5193.49,18.74,True,True,True
2016-11-09,5251.07,14.38,True,True,True
2016-11-10,5208.8,14.74,True,True,True
2016-11-11,5237.11,14.17,True,True,True
2016-11-14,5218.4,14.48,True,True,True
2016-11-15,5275.62,13.37,True,True,True
2016-11-16,5294.58,13.72,True,True,True
2016-11-17,5333.97,13.35,True,True,True
2016-11-18,5321.51,12.85,True,True,True
2016-11-21,5368.86,12.42,True,True,True
2016-11-22,5386.35,12.41,True,True,True
2016-11-23,5380.68,12.43,True,True,True
2016-11-24,,,False,False,False
2016-11-25,5398.92,12.34,True,True,True
2016-11-28,5368.81,13.15,True,True,True
2016-11-29,5379.92,12.9,True,True,True
2016-11-30,5323.68,13.33,True,True,True
2016-12-01,5251.11,14.07,True,True,True
2016-12-02,5255.65,14.12,True,True,True
2016-12-05,5308.89,12.14,True,True,True
2016-12-06,5333,11.79,True,True,True
2016-12-07,5393.76,12.22,True,True,True
2016-12-08,5417.36,12.64,True,True,True
2016-12-09,5444.5,11.75,True,True,True
2016-12-12,5412.54,12.64,True,True,True
2016-12-13,5463.83,12.72,True,True,True
2016-12-14,5436.67,13.19,True,True,True
2016-12-15,5456.85,12.79,True,True,True
2016-12-16,5437.16,12.2,True,True,True
2016-12-19,5457.44,11.71,True,True,True
2016-12-20,5483.94,11.45,True,True,True
2016-12-21,5471.43,11.27,True,True,True
2016-12-22,5447.42,11.43,True,True,True
2016-12-23,5462.69,11.44,True,True,True
2016-12-26,,,False,False,False
2016-12-27,5487.44,11.99,True,True,True
2016-12-28,5438.56,12.95,True,True,True
2016-12-29,5432.09,13.37,True,True,True
2016-12-30,5383.12,14.04,True,True,True
2017-01-02,,,False,False,False
2017-01-03,5429.08,12.85,True,True,True
2017-01-04,5477,11.85,True,True,True
2017-01-05,5487.94,11.67,True,True,True
2017-01-06,5521.06,11.32,True,True,True
2017-01-09,5531.82,11.56,True,True,True
2017-01-10,5551.82,11.49,True,True,True
2017-01-11,5563.65,11.26,True,True,True
2017-01-12,5547.49,11.54,True,True,True
2017-01-13,5574.12,11.23,True,True,True
2017-01-16,,,False,False,False
2017-01-17,5538.73,11.87,True,True,True
2017-01-18,5555.65,12.48,True,True,True
2017-01-19,5540.08,12.78,True,True,True
2017-01-20,5555.33,11.54,True,True,True
2017-01-23,5552.94,11.77,True,True,True
2017-01-24,5600.96,11.07,True,True,True
2017-01-25,5656.34,10.81,True,True,True
2017-01-26,5655.18,10.63,True,True,True
2017-01-27,5660.78,10.58,True,True,True
2017-01-30,5613.71,11.88,True,True,True
2017-01-31,5614.79,11.99,True,True,True
2017-02-01,5642.65,11.81,True,True,True
2017-02-02,5636.2,11.93,True,True,True
2017-02-03,5666.77,10.97,True,True,True
2017-02-06,5663.55,11.37,True,True,True
2017-02-07,5674.22,11.29,True,True,True
2017-02-08,5682.45,11.45,True,True,True
2017-02-09,5715.18,10.88,True,True,True
2017-02-10,5734.13,10.85,True,True,True
2017-02-13,5763.96,11.07,True,True,True
2017-02-14,5782.57,10.74,True,True,True
2017-02-15,5819.44,11.97,True,True,True
2017-02-16,5814.9,11.76,True,True,True
2017-02-17,5838.58,11.49,True,True,True
2017-02-20,,,False,False,False
2017-02-21,5865.95,11.57,True,True,True
2017-02-22,5860.63,11.74,True,True,True
2017-02-23,5835.51,11.71,True,True,True
2017-02-24,5845.31,11.47,True,True,True
2017-02-27,5861.9,12.09,True,True,True
2017-02-28,5825.44,12.92,True,True,True
2017-03-01,5904.03,12.54,True,True,True
2017-03-02,5861.22,11.81,True,True,True
2017-03-03,5870.75,10.96,True,True,True
2017-03-06,5849.17,11.24,True,True,True
2017-03-07,5833.93,11.45,True,True,True
2017-03-08,5837.55,11.86,True,True,True
2017-03-09,5838.81,12.3,True,True,True
2017-03-10,5861.73,11.66,True,True,True
2017-03-13,5875.78,11.35,True,True,True
2017-03-14,5856.82,12.3,True,True,True
2017-03-15,5900.05,11.63,True,True,True
2017-03-16,5900.76,11.21,True,True,True
2017-03-17,5901,11.28,True,True,True
2017-03-20,5901.53,11.34,True,True,True
2017-03-21,5793.83,12.47,True,True,True
2017-03-22,5821.64,12.81,True,True,True
2017-03-23,5817.69,13.12,True,True,True
2017-03-24,5828.74,12.96,True,True,True
2017-03-27,5840.37,12.5,True,True,True
2017-03-28,5875.14,11.53,True,True,True
2017-03-29,5897.55,11.42,True,True,True
2017-03-30,5914.34,11.54,True,True,True
2017-03-31,5911.74,12.37,True,True,True
2017-04-03,5894.68,12.38,True,True,True
2017-04-04,5898.61,11.79,True,True,True
2017-04-05,5864.48,12.89,True,True,True
2017-04-06,5878.95,12.39,True,True,True
2017-04-07,5877.81,12.87,True,True,True
2017-04-10,5880.93,14.05,True,True,True
2017-04-11,5866.77,15.07,True,True,True
2017-04-12,5836.16,15.77,True,True,True
2017-04-13,5805.15,15.96,True,True,True
2017-04-14,,,False,False,False
2017-04-17,5856.79,14.66,True,True,True
2017-04-18,5849.47,14.42,True,True,True
2017-04-19,5863.03,14.93,True,True,True
2017-04-20,5916.78,14.15,True,True,True
2017-04-21,5910.52,14.63,True,True,True
2017-04-24,5983.82,10.84,True,True,True
2017-04-25,6025.49,10.76,True,True,True
2017-04-26,6025.23,10.85,True,True,True
2017-04-27,6048.94,10.36,True,True,True
2017-04-28,6047.61,10.82,True,True,True
2017-05-01,6091.6,10.11,True,True,True
2017-05-02,6095.37,10.59,True,True,True
2017-05-03,6072.55,10.68,True,True,True
2017-05-04,6075.34,10.46,True,True,True
2017-05-05,6100.76,10.57,True,True,True
2017-05-08,6102.66,9.77,True,True,True
2017-05-09,6120.59,9.96,True,True,True
2017-05-10,6129.14,10.21,True,True,True
2017-05-11,6115.96,10.6,True,True,True
2017-05-12,6121.23,10.4,True,True,True
2017-05-15,6149.67,10.42,True,True,True
2017-05-16,6169.87,10.65,True,True,True
2017-05-17,6011.24,15.59,True,True,True
2017-05-18,6055.13,14.66,True,True,True
2017-05-19,6083.7,12.04,True,True,True
2017-05-22,6133.62,10.93,True,True,True
2017-05-23,6138.71,10.72,True,True,True
2017-05-24,6163.02,10.02,True,True,True
2017-05-25,6205.26,9.99,True,True,True
2017-05-26,6210.19,9.81,True,True,True
2017-05-29,,,False,False,False
2017-05-30,6203.19,10.38,True,True,True
2017-05-31,6198.52,10.41,True,True,True
2017-06-01,6246.83,9.89,True,True,True
2017-06-02,6305.8,9.75,True,True,True
2017-06-05,6295.68,10.07,True,True,True
2017-06-06,6275.06,10.45,True,True,True
2017-06-07,6297.38,10.39,True,True,True
2017-06-08,6321.76,10.16,True,True,True
2017-06-09,6207.92,10.7,True,True,True
2017-06-12,6175.46,11.46,True,True,True
2017-06-13,6220.37,10.42,True,True,True
2017-06-14,6194.89,10.64,True,True,True
2017-06-15,6165.5,10.9,True,True,True
2017-06-16,6151.76,10.38,True,True,True
2017-06-19,6239.01,10.37,True,True,True
2017-06-20,6188.03,10.86,True,True,True
2017-06-21,6233.95,10.75,True,True,True
2017-06-22,6236.69,10.48,True,True,True
2017-06-23,6265.25,10.02,True,True,True
2017-06-26,6247.15,9.9,True,True,True
2017-06-27,6146.62,11.06,True,True,True
2017-06-28,6234.41,10.03,True,True,True
2017-06-29,6144.35,11.44,True,True,True
2017-06-30,6140.42,11.18,True,True,True
2017-07-03,6110.06,11.22,True,True,True
2017-07-04,,,False,False,False
2017-07-05,6150.86,11.07,True,True,True
2017-07-06,6089.46,12.54,True,True,True
2017-07-07,6153.08,11.19,True,True,True
2017-07-10,6176.39,11.11,True,True,True
2017-07-11,6193.3,10.89,True,True,True
2017-07-12,6261.17,10.3,True,True,True
2017-07-13,6274.44,9.9,True,True,True
2017-07-14,6312.47,9.51,True,True,True
2017-07-17,6314.43,9.82,True,True,True
2017-07-18,6344.31,9.89,True,True,True
2017-07-19,6385.04,9.79,True,True,True
2017-07-20,6390,9.58,True,True,True
2017-07-21,6387.75,9.36,True,True,True
2017-07-24,6410.81,9.43,True,True,True
2017-07-25,6412.17,9.43,True,True,True
2017-07-26,6422.75,9.6,True,True,True
2017-07-27,6382.19,10.11,True,True,True
2017-07-28,6374.68,10.29,True,True,True
2017-07-31,6348.12,10.26,True,True,True
2017-08-01,6362.94,10.09,True,True,True
2017-08-02,6362.65,10.28,True,True,True
2017-08-03,6340.34,10.44,True,True,True
2017-08-04,6351.56,10.03,True,True,True
2017-08-07,6383.77,9.93,True,True,True
2017-08-08,6370.46,10.96,True,True,True
2017-08-09,6352.33,11.11,True,True,True
2017-08-10,6216.87,16.04,True,True,True
2017-08-11,6256.56,15.51,True,True,True
2017-08-14,6340.23,12.33,True,True,True
2017-08-15,6333.01,12.04,True,True,True
2017-08-16,6345.11,11.74,True,True,True
2017-08-17,6221.91,15.55,True,True,True
2017-08-18,6216.53,14.26,True,True,True
2017-08-21,6213.13,13.19,True,True,True
2017-08-22,6297.48,11.35,True,True,True
2017-08-23,6278.41,12.25,True,True,True
2017-08-24,6271.33,12.23,True,True,True
2017-08-25,6265.64,11.28,True,True,True
2017-08-28,6283.02,11.32,True,True,True
2017-08-29,6301.89,11.7,True,True,True
2017-08-30,6368.31,11.22,True,True,True
2017-08-31,6428.66,10.59,True,True,True
2017-09-01,6435.33,10.13,True,True,True
2017-09-04,,,False,False,False
2017-09-05,6375.57,12.23,True,True,True
2017-09-06,6393.31,11.63,True,True,True
2017-09-07,6397.87,11.55,True,True,True
2017-09-08,6360.19,12.12,True,True,True
2017-09-11,6432.26,10.73,True,True,True
2017-09-12,6454.28,10.58,True,True,True
2017-09-13,6460.19,10.5,True,True,True
2017-09-14,6429.08,10.44,True,True,True
2017-09-15,6448.47,10.17,True,True,True
2017-09-18,6454.64,10.15,True,True,True
2017-09-19,6461.32,10.18,True,True,True
2017-09-20,6456.04,9.78,True,True,True
2017-09-21,6422.69,9.67,True,True,True
2017-09-22,6426.92,9.59,True,True,True
2017-09-25,6370.59,10.21,True,True,True
2017-09-26,6380.16,10.17,True,True,True
2017-09-27,6453.26,9.87,True,True,True
2017-09-28,6453.45,9.55,True,True,True
2017-09-29,6495.96,9.51,True,True,True
2017-10-02,6516.72,9.45,True,True,True
2017-10-03,6531.71,9.51,True,True,True
2017-10-04,6534.63,9.63,True,True,True
2017-10-05,6585.36,9.19,True,True,True
2017-10-06,6590.18,9.65,True,True,True
2017-10-09,6579.73,10.33,True,True,True
2017-10-10,6587.25,10.08,True,True,True
2017-10-11,6603.55,9.85,True,True,True
2017-10-12,6591.51,9.91,True,True,True
2017-10-13,6605.8,9.61,True,True,True
2017-10-16,6624,9.91,True,True,True
2017-10-17,6623.66,10.31,True,True,True
2017-10-18,6624.22,10.07,True,True,True
2017-10-19,6605.07,10.05,True,True,True
2017-10-20,6629.05,9.97,True,True,True
2017-10-23,6586.83,11.07,True,True,True
2017-10-24,6598.43,11.16,True,True,True
2017-10-25,6563.89,11.23,True,True,True
2017-10-26,6556.77,11.3,True,True,True
2017-10-27,6701.26,9.8,True,True,True
2017-10-30,6698.96,10.5,True,True,True
2017-10-31,6727.67,10.18,True,True,True
2017-11-01,6716.53,10.2,True,True,True
2017-11-02,6714.94,9.93,True,True,True
2017-11-03,6764.44,9.14,True,True,True
2017-11-06,6786.44,9.4,True,True,True
2017-11-07,6767.78,9.89,True,True,True
2017-11-08,6789.12,9.78,True,True,True
2017-11-09,6750.05,10.5,True,True,True
2017-11-10,6750.94,11.29,True,True,True
2017-11-13,6757.6,11.5,True,True,True
2017-11-14,6737.87,11.59,True,True,True
2017-11-15,6706.21,13.13,True,True,True
2017-11-16,6793.29,11.76,True,True,True
2017-11-17,6782.79,11.43,True,True,True
2017-11-20,6790.71,10.65,True,True,True
2017-11-21,6862.48,9.73,True,True,True
2017-11-22,6867.36,9.88,True,True,True
2017-11-23,,,False,False,False
2017-11-24,6889.16,9.67,True,True,True
2017-11-27,6878.52,9.87,True,True,True
2017-11-28,6912.36,10.03,True,True,True
2017-11-29,6824.34,10.7,True,True,True
2017-11-30,6873.97,11.28,True,True,True
2017-12-01,6847.59,11.43,True,True,True
2017-12-04,6775.37,11.68,True,True,True
2017-12-05,6762.21,11.33,True,True,True
2017-12-06,6776.38,11.02,True,True,True
2017-12-07,6812.84,10.16,True,True,True
2017-12-08,6840.08,9.58,True,True,True
2017-12-11,6875.08,9.34,True,True,True
2017-12-12,6862.32,9.92,True,True,True
2017-12-13,6875.8,10.18,True,True,True
2017-12-14,6856.53,10.49,True,True,True
2017-12-15,6936.58,9.42,True,True,True
2017-12-18,6994.76,9.53,True,True,True
2017-12-19,6963.85,10.03,True,True,True
2017-12-20,6960.96,9.72,True,True,True
2017-12-21,6965.36,9.62,True,True,True
2017-12-22,6959.96,9.9,True,True,True
2017-12-25,,,False,False,False
2017-12-26,6936.25,10.25,True,True,True
2017-12-27,6939.34,10.47,True,True,True
2017-12-28,6950.16,10.18,True,True,True
2017-12-29,6903.39,11.04,True,True,True
2018-01-01,,,False,False,False
2018-01-02,7006.9,9.77,True,True,True
2018-01-03,7065.53,9.15,True,True,True
2018-01-04,7077.91,9.22,True,True,True
2018-01-05,7136.56,9.22,True,True,True
2018-01-08,7157.39,9.52,True,True,True
2018-01-09,7163.58,10.08,True,True,True
2018-01-10,7153.57,9.82,True,True,True
2018-01-11,7211.78,9.88,True,True,True
2018-01-12,7261.06,10.16,True,True,True
2018-01-15,,,False,False,False
2018-01-16,7223.69,11.66,True,True,True
2018-01-17,7298.28,11.91,True,True,True
2018-01-18,7296.05,12.22,True,True,True
2018-01-19,7336.38,11.27,True,True,True
2018-01-22,7408.03,11.03,True,True,True
2018-01-23,7460.29,11.1,True,True,True
2018-01-24,7415.06,11.47,True,True,True
2018-01-25,7411.16,11.58,True,True,True
2018-01-26,7505.77,11.08,True,True,True
2018-01-29,7466.51,13.84,True,True,True
2018-01-30,7402.48,14.79,True,True,True
2018-01-31,7411.48,13.54,True,True,True
2018-02-01,7385.86,13.47,True,True,True
2018-02-02,7240.95,17.31,True,True,True
2018-02-05,6967.53,37.32,True,True,True
2018-02-06,7115.88,29.98,True,True,True
2018-02-07,7051.98,27.73,True,True,True
2018-02-08,6777.16,33.46,True,True,True
2018-02-09,6874.49,29.06,True,True,True
2018-02-12,6981.96,25.61,True,True,True
2018-02-13,7013.51,24.97,True,True,True
2018-02-14,7143.62,19.26,True,True,True
2018-02-15,7256.43,19.13,True,True,True
2018-02-16,7239.47,19.46,True,True,True
2018-02-19,,,False,False,False
2018-02-20,7234.31,20.6,True,True,True
2018-02-21,7218.23,20.02,True,True,True
2018-02-22,7210.09,18.72,True,True,True
2018-02-23,7337.39,16.49,True,True,True
2018-02-26,7421.46,15.8,True,True,True
2018-02-27,7330.35,18.59,True,True,True
2018-02-28,7273.01,19.85,True,True,True
2018-03-01,7180.56,22.47,True,True,True
2018-03-02,7257.87,19.59,True,True,True
2018-03-05,7330.7,18.73,True,True,True
2018-03-06,7372.01,18.36,True,True,True
2018-03-07,7396.65,17.76,True,True,True
2018-03-08,7427.95,16.54,True,True,True
2018-03-09,7560.81,14.64,True,True,True
2018-03-12,7588.32,15.78,True,True,True
2018-03-13,7511.01,16.35,True,True,True
2018-03-14,7496.81,17.23,True,True,True
2018-03-15,7481.74,16.59,True,True,True
2018-03-16,7481.99,15.8,True,True,True
2018-03-19,7344.24,19.02,True,True,True
2018-03-20,7364.3,18.2,True,True,True
2018-03-21,7345.29,17.86,True,True,True
2018-03-22,7166.68,23.34,True,True,True
2018-03-23,6992.67,24.87,True,True,True
2018-03-26,7220.54,21.03,True,True,True
2018-03-27,7008.81,22.5,True,True,True
2018-03-28,6949.23,22.87,True,True,True
2018-03-29,7063.44,19.97,True,True,True
2018-03-30,,,False,False,False
2018-04-02,6870.12,23.62,True,True,True
2018-04-03,6941.28,21.1,True,True,True
2018-04-04,7042.11,20.06,True,True,True
2018-04-05,7076.55,18.94,True,True,True
2018-04-06,6915.11,21.49,True,True,True
2018-04-09,6950.34,21.77,True,True,True
2018-04-10,7094.3,20.47,True,True,True
2018-04-11,7069.03,20.24,True,True,True
2018-04-12,7140.25,18.49,True,True,True
2018-04-13,7106.65,17.41,True,True,True
2018-04-16,7156.28,16.56,True,True,True
2018-04-17,7281.1,15.25,True,True,True
2018-04-18,7295.24,15.6,True,True,True
2018-04-19,7238.06,15.96,True,True,True
2018-04-20,7146.13,16.88,True,True,True
2018-04-23,7128.6,16.34,True,True,True
2018-04-24,7007.35,18.02,True,True,True
2018-04-25,7003.74,17.84,True,True,True
2018-04-26,7118.68,16.24,True,True,True
2018-04-27,7119.8,15.41,True,True,True
2018-04-30,7066.27,15.93,True,True,True
2018-05-01,7130.7,15.49,True,True,True
2018-05-02,7100.9,15.97,True,True,True
2018-05-03,7088.15,15.9,True,True,True
2018-05-04,7209.62,14.77,True,True,True
2018-05-07,7265.21,14.75,True,True,True
2018-05-08,7266.9,14.71,True,True,True
2018-05-09,7339.91,13.42,True,True,True
2018-05-10,7404.97,13.23,True,True,True
2018-05-11,7402.88,12.65,True,True,True
2018-05-14,7411.32,12.93,True,True,True
2018-05-15,7351.63,14.63,True,True,True
2018-05-16,7398.3,13.42,True,True,True
2018-05-17,7382.47,13.43,True,True,True
2018-05-18,7354.34,13.42,True,True,True
2018-05-21,7394.04,13.08,True,True,True
2018-05-22,7378.46,13.22,True,True,True
2018-05-23,7425.96,12.58,True,True,True
2018-05-24,7424.43,12.53,True,True,True
2018-05-25,7433.85,13.22,True,True,True
2018-05-28,,,False,False,False
2018-05-29,7396.59,17.02,True,True,True
2018-05-30,7462.45,14.94,True,True,True
2018-05-31,7442.12,15.43,True,True,True
2018-06-01,7554.33,13.46,True,True,True
2018-06-04,7606.46,12.74,True,True,True
2018-06-05,7637.86,12.4,True,True,True
2018-06-06,7689.24,11.64,True,True,True
2018-06-07,7635.07,12.13,True,True,True
2018-06-08,7645.51,12.18,True,True,True
2018-06-11,7659.93,12.35,True,True,True
2018-06-12,7703.79,12.34,True,True,True
2018-06-13,7695.7,12.94,True,True,True
2018-06-14,7761.04,12.12,True,True,True
2018-06-15,7746.38,11.98,True,True,True
2018-06-18,7747.03,12.31,True,True,True
2018-06-19,7725.59,13.35,True,True,True
2018-06-20,7781.51,12.79,True,True,True
2018-06-21,7712.95,14.64,True,True,True
2018-06-22,7692.82,13.77,True,True,True
2018-06-25,7532.01,17.33,True,True,True
2018-06-26,7561.63,15.92,True,True,True
2018-06-27,7445.08,17.91,True,True,True
2018-06-28,7503.68,16.85,True,True,True
2018-06-29,7510.3,16.09,True,True,True
2018-07-02,7567.69,15.6,True,True,True
2018-07-03,7502.67,16.14,True,True,True
2018-07-04,,,False,False,False
2018-07-05,7586.43,14.97,True,True,True
2018-07-06,7688.39,13.37,True,True,True
2018-07-09,7756.2,12.69,True,True,True
2018-07-10,7759.2,12.64,True,True,True
2018-07-11,7716.61,13.63,True,True,True
2018-07-12,7823.92,12.58,True,True,True
2018-07-13,7825.98,12.18,True,True,True
2018-07-16,7805.72,12.83,True,True,True
2018-07-17,7855.12,12.06,True,True,True
2018-07-18,7854.44,12.1,True,True,True
2018-07-19,7825.3,12.87,True,True,True
2018-07-20,7820.2,12.86,True,True,True
2018-07-23,7841.87,12.62,True,True,True
2018-07-24,7840.77,12.41,True,True,True
2018-07-25,7932.24,12.29,True,True,True
2018-07-26,7852.18,12.14,True,True,True
2018-07-27,7737.42,13.03,True,True,True
2018-07-30,7630,14.26,True,True,True
2018-07-31,7671.79,12.83,True,True,True
2018-08-01,7707.29,13.15,True,True,True
2018-08-02,7802.69,12.19,True,True,True
2018-08-03,7812.01,11.64,True,True,True
2018-08-06,7859.68,11.27,True,True,True
2018-08-07,7883.66,10.93,True,True,True
2018-08-08,7888.33,10.85,True,True,True
2018-08-09,7891.78,11.27,True,True,True
2018-08-10,7839.11,13.16,True,True,True
2018-08-13,7819.71,14.78,True,True,True
2018-08-14,7870.89,13.31,True,True,True
2018-08-15,7774.12,14.64,True,True,True
2018-08-16,7806.52,13.45,True,True,True
2018-08-17,7816.33,12.64,True,True,True
2018-08-20,7821.01,12.49,True,True,True
2018-08-21,7859.17,12.86,True,True,True
2018-08-22,7889.1,12.25,True,True,True
2018-08-23,7878.46,12.41,True,True,True
2018-08-24,7945.98,11.99,True,True,True
2018-08-27,8017.9,12.16,True,True,True
2018-08-28,8030.04,12.5,True,True,True
2018-08-29,8109.69,12.25,True,True,True
2018-08-30,8088.36,13.53,True,True,True
2018-08-31,8109.54,12.86,True,True,True
2018-09-03,,,False,False,False
2018-09-04,8091.25,13.16,True,True,True
2018-09-05,7995.17,13.91,True,True,True
2018-09-06,7922.73,14.65,True,True,True
2018-09-07,7902.54,14.88,True,True,True
2018-09-10,7924.16,14.16,True,True,True
2018-09-11,7972.47,13.22,True,True,True
2018-09-12,7954.23,13.14,True,True,True
2018-09-13,8013.71,12.37,True,True,True
2018-09-14,8010.04,12.07,True,True,True
2018-09-17,7895.79,13.68,True,True,True
2018-09-18,7956.11,12.79,True,True,True
2018-09-19,7950.04,11.75,True,True,True
2018-09-20,8028.23,11.8,True,True,True
2018-09-21,7986.96,11.68,True,True,True
2018-09-24,7993.25,12.2,True,True,True
2018-09-25,8007.47,12.42,True,True,True
2018-09-26,7990.37,12.89,True,True,True
2018-09-27,8041.97,12.41,True,True,True
2018-09-28,8046.35,12.12,True,True,True
2018-10-01,8037.3,12,True,True,True
2018-10-02,7999.55,12.05,True,True,True
2018-10-03,8025.09,11.61,True,True,True
2018-10-04,7879.51,14.22,True,True,True
2018-10-05,7788.45,14.82,True,True,True
2018-10-08,7735.95,15.69,True,True,True
2018-10-09,7738.02,15.95,True,True,True
2018-10-10,7422.05,22.96,True,True,True
2018-10-11,7329.06,24.98,True,True,True
2018-10-12,7496.89,21.31,True,True,True
2018-10-15,7430.74,21.3,True,True,True
2018-10-16,7645.49,17.62,True,True,True
2018-10-17,7642.7,17.4,True,True,True
2018-10-18,7485.14,20.06,True,True,True
2018-10-19,7449.03,19.89,True,True,True
2018-10-22,7468.63,19.64,True,True,True
2018-10-23,7437.54,20.71,True,True,True
2018-10-24,7108.4,25.23,True,True,True
2018-10-25,7318.34,24.22,True,True,True
2018-10-26,7167.21,24.16,True,True,True
2018-10-29,7050.29,24.7,True,True,True
2018-10-30,7161.65,23.35,True,True,True
2018-10-31,7305.9,21.23,True,True,True
2018-11-01,7434.06,19.34,True,True,True
2018-11-02,7356.99,19.51,True,True,True
2018-11-05,7328.85,19.96,True,True,True
2018-11-06,7375.96,19.91,True,True,True
2018-11-07,7570.75,16.36,True,True,True
2018-11-08,7530.88,16.72,True,True,True
2018-11-09,7406.9,17.36,True,True,True
2018-11-12,7200.87,20.45,True,True,True
2018-11-13,7200.87,20.02,True,True,True
2018-11-14,7136.39,21.25,True,True,True
2018-11-15,7259.03,19.98,True,True,True
2018-11-16,7247.87,18.14,True,True,True
2018-11-19,7028.48,20.1,True,True,True
2018-11-20,6908.82,22.48,True,True,True
2018-11-21,6972.25,20.8,True,True,True
2018-11-22,,,False,False,False
2018-11-23,6938.98,21.52,True,True,True
2018-11-26,7081.85,18.9,True,True,True
2018-11-27,7082.7,19.02,True,True,True
2018-11-28,7291.59,18.49,True,True,True
2018-11-29,7273.08,18.79,True,True,True
2018-11-30,7330.54,18.07,True,True,True
2018-12-03,7441.51,16.44,True,True,True
2018-12-04,7158.43,20.74,True,True,True
2018-12-05,,,False,False,False
2018-12-06,7188.26,21.19,True,True,True
2018-12-07,6969.25,23.23,True,True,True
2018-12-10,7020.52,22.64,True,True,True
2018-12-11,7031.83,21.76,True,True,True
2018-12-12,7098.31,21.46,True,True,True
2018-12-13,7070.33,20.65,True,True,True
2018-12-14,6910.66,21.63,True,True,True
2018-12-17,6753.73,24.52,True,True,True
2018-12-18,6783.91,25.58,True,True,True
2018-12-19,6636.83,25.58,True,True,True
2018-12-20,6528.41,28.38,True,True,True
2018-12-21,6332.99,30.11,True,True,True
2018-12-24,6192.92,36.07,True,True,True
2018-12-25,,,False,False,False
2018-12-26,6554.36,30.41,True,True,True
2018-12-27,6579.49,29.96,True,True,True
2018-12-28,6584.52,28.34,True,True,True
2018-12-31,6635.28,25.42,True,True,True
2019-01-01,,,False,False,False
2019-01-02,6665.94,23.22,True,True,True
2019-01-03,6463.5,25.45,True,True,True
2019-01-04,6738.86,21.38,True,True,True
2019-01-07,6823.47,21.4,True,True,True
2019-01-08,6897,20.47,True,True,True
2019-01-09,6957.08,19.98,True,True,True
2019-01-10,6986.07,19.5,True,True,True
2019-01-11,6971.48,18.19,True,True,True
2019-01-14,6905.92,19.07,True,True,True
2019-01-15,7023.83,18.6,True,True,True
2019-01-16,7034.69,19.04,True,True,True
2019-01-17,7084.46,18.06,True,True,True
2019-01-18,7157.23,17.8,True,True,True
2019-01-21,,,False,False,False
2019-01-22,7020.36,20.8,True,True,True
2019-01-23,7025.77,19.52,True,True,True
2019-01-24,7073.46,18.89,True,True,True
2019-01-25,7164.86,17.42,True,True,True
2019-01-28,7085.68,18.87,True,True,True
2019-01-29,7028.29,19.13,True,True,True
2019-01-30,7183.08,17.66,True,True,True
2019-01-31,7281.74,16.57,True,True,True
2019-02-01,7263.87,16.14,True,True,True
2019-02-04,7347.54,15.73,True,True,True
2019-02-05,7402.08,15.57,True,True,True
2019-02-06,7375.28,15.38,True,True,True
2019-02-07,7288.35,16.37,True,True,True
2019-02-08,7298.2,15.72,True,True,True
2019-02-11,7307.9,15.97,True,True,True
2019-02-12,7414.62,15.43,True,True,True
2019-02-13,7420.38,15.65,True,True,True
2019-02-14,7426.95,16.22,True,True,True
2019-02-15,7472.41,14.91,True,True,True
2019-02-18,,,False,False,False
2019-02-19,7486.77,14.88,True,True,True
2019-02-20,7489.07,14.02,True,True,True
2019-02-21,7459.71,14.46,True,True,True
2019-02-22,7527.54,13.51,True,True,True
2019-02-25,7554.46,14.85,True,True,True
2019-02-26,7549.3,15.17,True,True,True
2019-02-27,7554.51,14.7,True,True,True
2019-02-28,7532.53,14.78,True,True,True
2019-03-01,7595.35,13.57,True,True,True
2019-03-04,7577.57,14.63,True,True,True
2019-03-05,7576.36,14.74,True,True,True
2019-03-06,7505.92,15.74,True,True,True
2019-03-07,7421.46,16.59,True,True,True
2019-03-08,7408.14,16.05,True,True,True
2019-03-11,7558.06,14.33,True,True,True
2019-03-12,7591.03,13.77,True,True,True
2019-03-13,7643.41,13.41,True,True,True
2019-03-14,7630.91,13.5,True,True,True
2019-03-15,7688.53,12.88,True,True,True
2019-03-18,7714.48,13.1,True,True,True
2019-03-19,7723.95,13.56,True,True,True
2019-03-20,7728.97,13.91,True,True,True
2019-03-21,7838.96,13.63,True,True,True
2019-03-22,7642.67,16.48,True,True,True
2019-03-25,7637.54,16.33,True,True,True
2019-03-26,7691.52,14.68,True,True,True
2019-03-27,7643.38,15.15,True,True,True
2019-03-28,7669.17,14.43,True,True,True
2019-03-29,7729.32,13.71,True,True,True
2019-04-01,7828.91,13.4,True,True,True
2019-04-02,7848.69,13.36,True,True,True
2019-04-03,7895.55,13.74,True,True,True
2019-04-04,7891.78,13.58,True,True,True
2019-04-05,7938.69,12.82,True,True,True
2019-04-08,7953.88,13.18,True,True,True
2019-04-09,7909.28,14.28,True,True,True
2019-04-10,7964.24,13.3,True,True,True
2019-04-11,7947.36,13.02,True,True,True
2019-04-12,7984.16,12.01,True,True,True
2019-04-15,7976.01,12.32,True,True,True
2019-04-16,8000.23,12.18,True,True,True
2019-04-17,7996.08,12.6,True,True,True
2019-04-18,7998.06,12.09,True,True,True
2019-04-19,7998.063,,True,False,False
2019-04-22,8015.27,12.42,True,True,True
2019-04-23,8120.82,12.28,True,True,True
2019-04-24,8102.01,13.14,True,True,True
2019-04-25,8106.29,13.25,True,True,True
2019-04-26,8133.96,12.73,True,True,True
2019-04-29,8149.39,13.11,True,True,True
2019-04-30,8095.39,13.12,True,True,True
2019-05-01,8049.64,14.8,True,True,True
2019-05-02,8036.77,14.42,True,True,True
2019-05-03,8164,12.87,True,True,True
2019-05-06,8123.29,15.44,True,True,True
2019-05-07,7963.76,19.32,True,True,True
2019-05-08,7943.32,19.4,True,True,True
2019-05-09,7910.59,19.1,True,True,True
2019-05-10,7916.94,16.04,True,True,True
2019-05-13,7647.02,20.55,True,True,True
2019-05-14,7734.49,18.06,True,True,True
2019-05-15,7822.15,16.44,True,True,True
2019-05-16,7898.05,15.29,True,True,True
2019-05-17,7816.28,15.96,True,True,True
2019-05-20,7702.38,16.31,True,True,True
2019-05-21,7785.72,14.95,True,True,True
2019-05-22,7750.84,14.75,True,True,True
2019-05-23,7628.28,16.92,True,True,True
2019-05-24,7637.01,15.85,True,True,True
2019-05-27,,,False,False,False
2019-05-28,7607.35,17.5,True,True,True
2019-05-29,7547.31,17.9,True,True,True
2019-05-30,7567.72,17.3,True,True,True
2019-05-31,7453.15,18.71,True,True,True
2019-06-03,7333.02,18.86,True,True,True
2019-06-04,7527.12,16.97,True,True,True
2019-06-05,7575.48,16.09,True,True,True
2019-06-06,7615.55,15.93,True,True,True
2019-06-07,7742.1,16.3,True,True,True
2019-06-10,7823.17,15.94,True,True,True
2019-06-11,7822.57,15.99,True,True,True
2019-06-12,7792.72,15.91,True,True,True
2019-06-13,7837.13,15.82,True,True,True
2019-06-14,7796.66,15.28,True,True,True
2019-06-17,7845.02,15.35,True,True,True
2019-06-18,7953.88,15.15,True,True,True
2019-06-19,7987.32,14.33,True,True,True
2019-06-20,8051.34,14.75,True,True,True
2019-06-21,8031.71,15.4,True,True,True
2019-06-24,8005.7,15.26,True,True,True
2019-06-25,7884.72,16.28,True,True,True
2019-06-26,7909.97,16.21,True,True,True
2019-06-27,7967.76,15.82,True,True,True
2019-06-28,8006.24,15.08,True,True,True
2019-07-01,8091.16,14.06,True,True,True
2019-07-02,8109.09,12.93,True,True,True
2019-07-03,8170.23,12.57,True,True,True
2019-07-04,,,False,False,False
2019-07-05,8161.79,13.28,True,True,True
2019-07-08,8098.38,13.96,True,True,True
2019-07-09,8141.73,14.09,True,True,True
2019-07-10,8202.53,13.03,True,True,True
2019-07-11,8196.04,12.93,True,True,True
2019-07-12,8244.14,12.39,True,True,True
2019-07-15,8258.19,12.68,True,True,True
2019-07-16,8222.8,12.86,True,True,True
2019-07-17,8185.21,13.97,True,True,True
2019-07-18,8207.24,13.53,True,True,True
2019-07-19,8146.49,14.45,True,True,True
2019-07-22,8204.14,13.53,True,True,True
2019-07-23,8251.4,12.61,True,True,True
2019-07-24,8321.5,12.07,True,True,True
2019-07-25,8238.54,12.74,True,True,True
2019-07-26,8330.21,12.16,True,True,True
2019-07-29,8293.33,12.83,True,True,True
2019-07-30,8273.61,13.94,True,True,True
2019-07-31,8175.42,16.12,True,True,True
2019-08-01,8111.12,17.87,True,True,True
2019-08-02,8004.07,17.61,True,True,True
2019-08-05,7726.04,24.59,True,True,True
2019-08-06,7833.27,20.17,True,True,True
2019-08-07,7862.83,19.49,True,True,True
2019-08-08,8039.16,16.91,True,True,True
2019-08-09,7959.14,17.97,True,True,True
2019-08-12,7863.41,21.09,True,True,True
2019-08-13,8016.36,17.52,True,True,True
2019-08-14,7773.94,22.1,True,True,True
2019-08-15,7766.62,21.18,True,True,True
2019-08-16,7895.99,18.47,True,True,True
2019-08-19,8002.81,16.88,True,True,True
2019-08-20,7948.56,17.5,True,True,True
2019-08-21,8020.21,15.8,True,True,True
2019-08-22,7991.39,16.68,True,True,True
2019-08-23,7751.77,19.87,True,True,True
2019-08-26,7853.74,19.32,True,True,True
2019-08-27,7826.95,20.31,True,True,True
2019-08-28,7856.88,19.35,True,True,True
2019-08-29,7973.39,17.88,True,True,True
2019-08-30,7962.88,18.98,True,True,True
2019-09-02,,,False,False,False
2019-09-03,7874.16,19.66,True,True,True
2019-09-04,7976.88,17.33,True,True,True
2019-09-05,8116.83,16.27,True,True,True
2019-09-06,8103.07,15,True,True,True
2019-09-09,8087.44,15.27,True,True,True
2019-09-10,8084.16,15.2,True,True,True
2019-09-11,8169.68,14.61,True,True,True
2019-09-12,8194.47,14.22,True,True,True
2019-09-13,8176.71,13.74,True,True,True
2019-09-16,8153.54,14.67,True,True,True
2019-09-17,8186.02,14.44,True,True,True
2019-09-18,8177.39,13.95,True,True,True
2019-09-19,8182.88,14.05,True,True,True
2019-09-20,8117.67,15.32,True,True,True
2019-09-23,8112.46,14.91,True,True,True
2019-09-24,7993.63,17.05,True,True,True
2019-09-25,8077.38,15.96,True,True,True
2019-09-26,8030.66,16.07,True,True,True
2019-09-27,7939.63,17.22,True,True,True
2019-09-30,7999.33,16.24,True,True,True
2019-10-01,7908.67,18.56,True,True,True
2019-10-02,7785.23,20.56,True,True,True
2019-10-03,7872.25,19.12,True,True,True
2019-10-04,7982.46,17.04,True,True,True
2019-10-07,7956.28,17.86,True,True,True
2019-10-08,7823.76,20.28,True,True,True
2019-10-09,7903.73,18.64,True,True,True
2019-10-10,7950.77,17.57,True,True,True
2019-10-11,8057.04,15.58,True,True,True
2019-10-14,8048.65,14.57,True,True,True
2019-10-15,8148.71,13.54,True,True,True
2019-10-16,8124.18,13.68,True,True,True
2019-10-17,8156.85,13.79,True,True,True
2019-10-18,8089.54,14.25,True,True,True
2019-10-21,8162.99,14,True,True,True
2019-10-22,8104.3,14.46,True,True,True
2019-10-23,8119.79,14.01,True,True,True
2019-10-24,8185.8,13.71,True,True,True
2019-10-25,8243.12,12.65,True,True,True
2019-10-28,8325.99,13.11,True,True,True
2019-10-29,8276.85,13.2,True,True,True
2019-10-30,8303.98,12.33,True,True,True
2019-10-31,8292.36,13.22,True,True,True
2019-11-01,8386.4,12.3,True,True,True
2019-11-04,8433.2,12.83,True,True,True
2019-11-05,8434.68,13.1,True,True,True
2019-11-06,8410.63,12.62,True,True,True
2019-11-07,8434.52,12.73,True,True,True
2019-11-08,8475.31,12.07,True,True,True
2019-11-11,8464.28,12.69,True,True,True
2019-11-12,8486.09,12.68,True,True,True
2019-11-13,8482.1,13,True,True,True
2019-11-14,8479.02,13.05,True,True,True
2019-11-15,8540.83,12.05,True,True,True
2019-11-18,8549.94,12.46,True,True,True
2019-11-19,8570.66,12.86,True,True,True
2019-11-20,8526.73,12.78,True,True,True
2019-11-21,8506.21,13.13,True,True,True
2019-11-22,8519.88,12.34,True,True,True
2019-11-25,8632.49,11.87,True,True,True
2019-11-26,8647.93,11.54,True,True,True
2019-11-27,8705.18,11.75,True,True,True
2019-11-28,,,False,False,False
2019-11-29,8665.47,12.62,True,True,True
2019-12-02,8567.99,14.91,True,True,True
2019-12-03,8520.64,15.96,True,True,True
2019-12-04,8566.67,14.8,True,True,True
2019-12-05,8570.7,14.52,True,True,True
2019-12-06,8656.53,13.62,True,True,True
2019-12-09,8621.83,15.86,True,True,True
2019-12-10,8616.18,15.68,True,True,True
2019-12-11,8654.05,14.99,True,True,True
2019-12-12,8717.32,13.94,True,True,True
2019-12-13,8734.88,12.63,True,True,True
2019-12-16,8814.23,12.14,True,True,True
2019-12-17,8823.36,12.29,True,True,True
2019-12-18,8827.73,12.58,True,True,True
2019-12-19,8887.22,12.5,True,True,True
2019-12-20,8924.96,12.51,True,True,True
2019-12-23,8945.65,12.61,True,True,True
2019-12-24,8952.88,12.67,True,True,True
2019-12-25,,,False,False,False
2019-12-26,9022.39,12.65,True,True,True
2019-12-27,9006.62,13.43,True,True,True
2019-12-30,8945.99,14.82,True,True,True
2019-12-31,8972.6,13.78,True,True,True
2020-01-01,,,False,False,False
2020-01-02,9092.19,12.47,True,True,True
2020-01-03,9020.77,14.02,True,True,True
2020-01-06,9071.46,13.85,True,True,True
2020-01-07,9068.58,13.79,True,True,True
2020-01-08,9129.24,13.45,True,True,True
2020-01-09,9203.43,12.54,True,True,True
2020-01-10,9178.86,12.56,True,True,True
2020-01-13,9273.93,12.32,True,True,True
2020-01-14,9251.33,12.39,True,True,True
2020-01-15,9258.7,12.42,True,True,True
2020-01-16,9357.13,12.32,True,True,True
2020-01-17,9388.94,12.1,True,True,True
2020-01-20,,,False,False,False
2020-01-21,9370.81,12.85,True,True,True
2020-01-22,9383.77,12.91,True,True,True
2020-01-23,9402.48,12.98,True,True,True
2020-01-24,9314.91,14.56,True,True,True
2020-01-27,9139.31,18.23,True,True,True
2020-01-28,9269.68,16.28,True,True,True
2020-01-29,9275.16,16.39,True,True,True
2020-01-30,9298.93,15.49,True,True,True
2020-01-31,9150.94,18.84,True,True,True
2020-02-03,9273.4,17.97,True,True,True
2020-02-04,9467.97,16.05,True,True,True
2020-02-05,9508.68,15.15,True,True,True
2020-02-06,9572.15,14.96,True,True,True
2020-02-07,9520.51,15.47,True,True,True
2020-02-10,9628.39,15.04,True,True,True
2020-02-11,9638.94,15.18,True,True,True
2020-02-12,9725.96,13.74,True,True,True
2020-02-13,9711.97,14.15,True,True,True
2020-02-14,9731.18,13.68,True,True,True
2020-02-17,,,False,False,False
2020-02-18,9732.74,14.83,True,True,True
2020-02-19,9817.18,14.38,True,True,True
2020-02-20,9750.96,15.56,True,True,True
2020-02-21,9576.59,17.08,True,True,True
2020-02-24,9221.28,25.03,True,True,True
2020-02-25,8965.61,27.85,True,True,True
2020-02-26,8980.77,27.56,True,True,True
2020-02-27,8566.48,39.16,True,True,True
2020-02-28,8567.37,40.11,True,True,True
2020-03-02,8952.16,33.42,True,True,True
2020-03-03,8684.09,36.82,True,True,True
2020-03-04,9018.09,31.99,True,True,True
2020-03-05,8738.6,39.62,True,True,True
2020-03-06,8575.62,41.94,True,True,True
2020-03-09,7950.68,54.46,True,True,True
2020-03-10,8344.25,47.3,True,True,True
2020-03-11,7952.05,53.9,True,True,True
2020-03-12,7201.8,75.47,True,True,True
2020-03-13,7874.88,57.83,True,True,True
2020-03-16,6904.59,82.69,True,True,True
2020-03-17,7334.78,75.91,True,True,True
2020-03-18,6989.84,76.45,True,True,True
2020-03-19,7150.58,72,True,True,True
2020-03-20,6879.52,66.04,True,True,True
2020-03-23,6860.67,61.59,True,True,True
2020-03-24,7417.86,61.67,True,True,True
2020-03-25,7384.3,63.95,True,True,True
2020-03-26,7797.54,61,True,True,True
2020-03-27,7502.38,65.54,True,True,True
2020-03-30,7774.15,57.08,True,True,True
2020-03-31,7700.1,53.54,True,True,True
2020-04-01,7360.58,57.06,True,True,True
2020-04-02,7487.31,50.91,True,True,True
2020-04-03,7373.08,46.8,True,True,True
2020-04-06,7913.24,45.24,True,True,True
2020-04-07,7887.26,46.7,True,True,True
2020-04-08,8090.9,43.35,True,True,True
2020-04-09,8153.58,41.67,True,True,True
2020-04-10,,,False,False,False
2020-04-13,8192.42,41.17,True,True,True
2020-04-14,8515.74,37.76,True,True,True
2020-04-15,8393.18,40.84,True,True,True
2020-04-16,8532.36,40.11,True,True,True
2020-04-17,8650.14,38.15,True,True,True
2020-04-20,8560.73,43.83,True,True,True
2020-04-21,8263.23,45.41,True,True,True
2020-04-22,8495.38,41.98,True,True,True
2020-04-23,8494.75,41.38,True,True,True
2020-04-24,8634.52,35.93,True,True,True
2020-04-27,8730.16,33.29,True,True,True
2020-04-28,8607.73,33.57,True,True,True
2020-04-29,8914.71,31.23,True,True,True
2020-04-30,8889.55,34.15,True,True,True
2020-05-01,8604.95,37.19,True,True,True
2020-05-04,8710.71,35.97,True,True,True
2020-05-05,8809.12,33.61,True,True,True
2020-05-06,8854.39,34.12,True,True,True
2020-05-07,8979.66,31.44,True,True,True
2020-05-08,9121.32,27.98,True,True,True
2020-05-11,9192.34,27.57,True,True,True
2020-05-12,9002.55,33.04,True,True,True
2020-05-13,8863.17,35.28,True,True,True
2020-05-14,8943.72,32.61,True,True,True
2020-05-15,9014.56,31.89,True,True,True
2020-05-18,9234.83,29.3,True,True,True
2020-05-19,9185.1,30.53,True,True,True
2020-05-20,9375.78,27.99,True,True,True
2020-05-21,9284.88,29.53,True,True,True
2020-05-22,9324.59,28.16,True,True,True
2020-05-25,,,False,False,False
2020-05-26,9340.22,28.01,True,True,True
2020-05-27,9412.36,27.62,True,True,True
2020-05-28,9368.99,28.59,True,True,True
2020-05-29,9489.87,27.51,True,True,True
2020-06-01,9552.05,28.23,True,True,True
2020-06-02,9608.37,26.84,True,True,True
2020-06-03,9682.91,25.66,True,True,True
2020-06-04,9615.81,25.81,True,True,True
2020-06-05,9814.08,24.52,True,True,True
2020-06-08,9924.74,25.81,True,True,True
2020-06-09,9953.75,27.57,True,True,True
2020-06-10,10020.35,27.57,True,True,True
2020-06-11,9492.73,40.79,True,True,True
2020-06-12,9588.81,36.09,True,True,True
2020-06-15,9726.02,34.4,True,True,True
2020-06-16,9895.87,33.67,True,True,True
2020-06-17,9910.53,33.47,True,True,True
2020-06-18,9943.05,32.94,True,True,True
2020-06-19,9946.12,35.12,True,True,True
2020-06-22,10056.47,31.77,True,True,True
2020-06-23,10131.37,31.37,True,True,True
2020-06-24,9909.17,33.84,True,True,True
2020-06-25,10017,32.22,True,True,True
2020-06-26,9757.22,34.73,True,True,True
2020-06-29,9874.15,31.78,True,True,True
2020-06-30,10058.77,30.43,True,True,True
2020-07-01,10154.63,28.62,True,True,True
2020-07-02,10207.63,27.68,True,True,True
2020-07-03,,,False,False,False
2020-07-06,10433.65,27.94,True,True,True
2020-07-07,10343.89,29.43,True,True,True
2020-07-08,10492.5,28.08,True,True,True
2020-07-09,10547.75,29.26,True,True,True
2020-07-10,10617.44,27.29,True,True,True
2020-07-13,10390.84,32.19,True,True,True
2020-07-14,10488.58,29.52,True,True,True
2020-07-15,10550.49,27.76,True,True,True
2020-07-16,10473.83,28,True,True,True
2020-07-17,10503.19,25.68,True,True,True
2020-07-20,10767.09,24.46,True,True,True
2020-07-21,10680.36,24.84,True,True,True
2020-07-22,10706.13,24.32,True,True,True
2020-07-23,10461.42,26.08,True,True,True
2020-07-24,10363.18,25.84,True,True,True
2020-07-27,10536.27,24.74,True,True,True
2020-07-28,10402.09,25.44,True,True,True
2020-07-29,10542.94,24.1,True,True,True
2020-07-30,10587.81,24.76,True,True,True
2020-07-31,10745.27,24.46,True,True,True
2020-08-03,10902.8,24.28,True,True,True
2020-08-04,10941.17,23.76,True,True,True
2020-08-05,10998.4,22.99,True,True,True
2020-08-06,11108.07,22.65,True,True,True
2020-08-07,11010.98,22.21,True,True,True
2020-08-10,10968.36,22.13,True,True,True
2020-08-11,10782.82,24.03,True,True,True
2020-08-12,11012.24,22.28,True,True,True
2020-08-13,11042.5,22.13,True,True,True
2020-08-14,11019.3,22.05,True,True,True
2020-08-17,11129.73,21.35,True,True,True
2020-08-18,11210.84,21.51,True,True,True
2020-08-19,11146.46,22.54,True,True,True
2020-08-20,11264.95,22.72,True,True,True
2020-08-21,11311.8,22.54,True,True,True
2020-08-24,11379.72,22.37,True,True,True
2020-08-25,11466.47,22.03,True,True,True
2020-08-26,11665.06,23.27,True,True,True
2020-08-27,11625.34,24.47,True,True,True
2020-08-28,11695.63,22.96,True,True,True
2020-08-31,11775.46,26.41,True,True,True
2020-09-01,11939.67,26.12,True,True,True
2020-09-02,12056.44,26.57,True,True,True
2020-09-03,11458.1,33.6,True,True,True
2020-09-04,11313.13,30.75,True,True,True
2020-09-07,,,False,False,False
2020-09-08,10847.69,31.46,True,True,True
2020-09-09,11141.56,28.81,True,True,True
2020-09-10,10919.59,29.71,True,True,True
2020-09-11,10853.55,26.87,True,True,True
2020-09-14,11056.65,25.85,True,True,True
2020-09-15,11190.32,25.59,True,True,True
2020-09-16,11050.47,26.04,True,True,True
2020-09-17,10910.28,26.46,True,True,True
2020-09-18,10793.28,25.83,True,True,True
2020-09-21,10778.94,27.78,True,True,True
2020-09-22,10963.77,26.86,True,True,True
2020-09-23,10633.15,28.58,True,True,True
2020-09-24,10672.43,28.51,True,True,True
2020-09-25,10913.73,26.38,True,True,True
2020-09-28,11117.7,26.19,True,True,True
2020-09-29,11085.42,26.27,True,True,True
2020-09-30,11167.68,26.37,True,True,True
2020-10-01,11326.61,26.7,True,True,True
2020-10-02,11075.11,27.63,True,True,True
2020-10-05,11332.58,27.96,True,True,True
2020-10-06,11154.7,29.48,True,True,True
2020-10-07,11364.7,28.06,True,True,True
2020-10-08,11421.08,26.36,True,True,True
2020-10-09,11580.05,25,True,True,True
2020-10-12,11876.36,25.07,True,True,True
2020-10-13,11864,26.07,True,True,True
2020-10-14,11768.83,26.4,True,True,True
2020-10-15,11713.97,26.97,True,True,True
2020-10-16,11671.66,27.41,True,True,True
2020-10-19,11478.98,29.18,True,True,True
2020-10-20,11516.49,29.35,True,True,True
2020-10-21,11484.69,28.65,True,True,True
2020-10-22,11506.01,28.11,True,True,True
2020-10-23,11548.28,27.55,True,True,True
2020-10-26,11358.94,32.46,True,True,True
2020-10-27,11431.35,33.35,True,True,True
2020-10-28,11004.87,40.28,True,True,True
2020-10-29,11185.59,37.59,True,True,True
2020-10-30,10911.59,38.02,True,True,True
2020-11-02,10957.61,37.13,True,True,True
2020-11-03,11160.57,35.55,True,True,True
2020-11-04,11590.78,29.57,True,True,True
2020-11-05,11890.93,27.58,True,True,True
2020-11-06,11895.23,24.86,True,True,True
2020-11-09,11713.78,25.75,True,True,True
2020-11-10,11553.86,24.8,True,True,True
2020-11-11,11786.43,23.45,True,True,True
2020-11-12,11709.59,25.35,True,True,True
2020-11-13,11829.29,23.1,True,True,True
2020-11-16,11924.13,22.45,True,True,True
2020-11-17,11899.34,22.71,True,True,True
2020-11-18,11801.6,23.84,True,True,True
2020-11-19,11904.71,23.11,True,True,True
2020-11-20,11854.97,23.7,True,True,True
2020-11-23,11881.17,22.66,True,True,True
2020-11-24,12037.33,21.64,True,True,True
2020-11-25,12094.4,21.25,True,True,True
2020-11-26,,,False,False,False
2020-11-27,12205.85,20.84,True,True,True
2020-11-30,12198.74,20.57,True,True,True
2020-12-01,12355.11,20.77,True,True,True
2020-12-02,12349.37,21.17,True,True,True
2020-12-03,12377.18,21.28,True,True,True
2020-12-04,12464.23,20.79,True,True,True
2020-12-07,12519.95,21.3,True,True,True
2020-12-08,12582.77,20.68,True,True,True
2020-12-09,12338.95,22.27,True,True,True
2020-12-10,12405.81,22.52,True,True,True
2020-12-11,12377.87,23.31,True,True,True
2020-12-14,12440.04,24.72,True,True,True
2020-12-15,12595.06,22.89,True,True,True
2020-12-16,12658.19,22.5,True,True,True
2020-12-17,12764.75,21.93,True,True,True
2020-12-18,12755.64,21.57,True,True,True
2020-12-21,12742.52,25.16,True,True,True
2020-12-22,12807.92,24.23,True,True,True
2020-12-23,12771.11,23.31,True,True,True
2020-12-24,12804.73,21.53,True,True,True
2020-12-25,,,False,False,False
2020-12-28,12899.42,21.7,True,True,True
2020-12-29,12850.22,23.08,True,True,True
2020-12-30,12870,22.77,True,True,True
2020-12-31,12888.28,22.75,True,True,True
