trading_day,gap,r1,r20,rvol20,prev_daytime,prev_last_hour,prev_afternoon,holiday_reopen,weekend,prev_gap,overnight_trend_5,abs_r1,us_nasdaq,us_vix_chg
2017-01-03,0.0015075033624389889,0.00030277005144729863,-0.046014734152696302,0.013779376990813445,0.00043713142810020145,-0.0026311894620861809,0.00096549789158362209,1,0,-0.00013430266873559749,-0.0015222651815158584,0.00030277005144729863,-0.0090149463650270878,0.05011219147344792
2017-01-04,0.00024401264195650363,0.0087470527131525699,-0.032353801780713232,0.013970087777744758,0.0072286521333166931,0.0016828952815779452,0.0017789640136982587,0,0,0.0015075033624389889,-0.00035301417292756823,0.0087470527131525699,-0.0090149463650270878,0.05011219147344792
2017-01-05,-0.00054440976523495443,0.012236825360502523,-0.022744180384412394,0.014287441342024759,0.011989887034534075,0.0014530988661669575,0.003437404516541287,0,0,0.00024401264195650363,-0.00016170700260549343,0.012236825360502523,0.0088265415134791692,-0.077821011673151808
2017-01-06,-0.001046044406718627,9.4579662604399317e-05,-0.033266325719439771,0.014009687088311792,0.00063933748941180646,-0.002554938070647772,-0.0013498447448193618,0,0,-0.00054440976523495443,-0.0001590881240713271,9.4579662604399317e-05,0.001997443856125436,-0.015189873417721489
2017-01-09,-0.0016237141241061126,-0.007020145869566341,-0.034171255627062025,0.014026933527143189,-0.005980357182028162,-0.0020712212671656349,-0.0035080206476703069,0,1,-0.001046044406718627,5.3518327412627185e-06,0.007020145869566341,0.0060350514036233704,-0.029991431019708581
2017-01-10,-0.00089671174877281601,0.0051045948322221424,-0.025615503966743725,0.014096701416893264,0.0067392515742952241,0.002736894308604132,0.00066488669752517993,0,0,-0.0016237141241061126,-0.00029253045833284031,0.0051045948322221424,0.0019489011168143389,0.021201413427561766
2017-01-11,-0.0019524829985306802,-0.0051179591949933601,0.025254004772860439,0.0066105465508774679,-0.0042250360857175595,-0.0039727483806480945,-0.0065735727835395386,0,0,-0.00089671174877281601,-0.00077337348057520132,0.0051179591949933601,0.0036154466341999925,-0.0060553633217993452
2017-01-12,-0.0012101166219082859,-0.010419824497215235,0.010228159334470188,0.0070594821432252422,-0.0084839061812645999,-0.0024295745375905176,-0.0010892083952289688,0,0,-0.0019524829985306802,-0.001212672608672638,0.010419824497215235,0.002130832771955804,-0.020017406440382968
2017-01-13,-0.0010979171552221167,-0.0089884317076377451,0.007783434092658803,0.0072059877181176821,-0.0077877391583319744,-0.0028509341710559744,-0.009345399634631768,0,0,-0.0012101166219082859,-0.0013458139800073044,0.0089884317076377451,-0.0029045680443593458,0.024866785079928899
2017-01-16,-0.0027817200563825528,-0.018597082169683365,-0.021429668032641791,0.0079445258417890855,-0.017518398764997389,-0.0083947733411197101,-0.014306769396574825,0,1,-0.0010979171552221167,-0.0013561885297080022,0.018597082169683365,0.0048003691759697098,-0.026863084922010283
2017-01-17,-0.003912026676920477,-0.042756425109579221,-0.073369244590238969,0.011813522120213813,-0.040086213677768545,-0.018687368551280503,-0.016369149114267789,0,0,-0.0027817200563825528,-0.0015877897161632904,0.042756425109579221,0.0048003691759697098,-0.026863084922010283
2017-01-18,-0.0023852079739432597,0.012191201406968055,-0.061121557841362528,0.01233128318727417,0.016166471752656619,0.0055596886874924589,0.018636700432390629,0,0,-0.003912026676920477,-0.0021908527017928227,0.012191201406968055,0.0048003691759697098,-0.026863084922010283
2017-01-19,-0.0028376020447757888,-0.004921126216736238,-0.065181092393218565,0.012323486841985887,-0.0025419813970909422,-0.004044091064353883,-0.0028569538556395546,0,0,-0.0023852079739432597,-0.0022773976968753383,0.004921126216736238,0.0030548519245385819,0.051390058972198949
2017-01-20,-0.0012834065960311003,-0.0042244847380318307,-0.075964643296861478,0.012064294059658609,-0.0013908293133596539,-0.0010071062522210017,-0.0049779930183021515,0,0,-0.0028376020447757888,-0.0026028947814488389,0.0042244847380318307,-0.0028025523566098665,0.024038461538461453
2017-01-23,0.0015158690219922999,0.016640290419451587,-0.060429092210215196,0.012892918857512124,0.017946729967099673,-0.0012287409295456131,0.00072383789990504432,0,1,-0.0012834065960311003,-0.0026399926696106359,0.016640290419451587,0.0027526678315115127,-0.097026604068857658
2017-01-24,-0.0010184720471043684,0.010055923944424672,-0.039986555980708327,0.013049640773486927,0.0085271289118682425,0.0006528846354074691,0.0003979989835718456,0,0,0.0015158690219922999,-0.0017804748539356652,0.010055923944424672,-0.00043021746682925244,0.019930675909878737
2017-01-25,-0.0019597271153850571,-0.0055722172577150619,-0.049550197786615069,0.012983397449280534,-0.0045583878011660195,-0.0023223854128159305,-0.0019620249276680601,0,0,-0.0010184720471043684,-0.0012017639279724435,0.0055722172577150619,0.0086476713236591785,-0.059473237043330407
2017-01-26,0.00078767303962035129,0.0033248887805623628,-0.047382009562890959,0.013025749984547407,0.0052949926365930544,0.0015544474400155384,-0.00071599952430168035,0,0,-0.0019597271153850571,-0.0011166677562608029,0.0033248887805623628,0.0098875906987374584,-0.023486901535682003
2017-02-03,0.00079577180725487473,0.0067823310950496651,-0.037024562951731954,0.013175390686615206,0.0059899399412284282,0.0012751024352626317,0.0025424370743769575,1,0,0.00078767303962035129,-0.0003916127393815749,0.0067823310950496651,-0.0011430799358457255,0.0101608806096527
2017-02-06,-4.5219725088641027e-05,-0.0028759899925298038,-0.036052019900356891,0.013168946362910675,-0.0036688422385660058,-0.0023544243913976581,0.00034476645740255663,0,1,0.00079577180725487473,2.4222941275620079e-05,0.0028759899925298038,0.0054238671445301367,-0.080469404861693183
2017-02-07,-0.00099516908212560207,0.011944118197028342,-0.024833762422181049,0.013517155136296624,0.011989880101199057,0.0038906826092912628,0.0025353974907555976,0,0,-4.5219725088641027e-05,-0.0002879948081405681,0.011944118197028342,-0.00056822493236896587,0.036463081130355457
2017-02-08,-0.0017603656924286559,0.00028623188405796363,-0.033012925664875903,0.013321477258180409,0.0012826774471212943,0.0028004998038562157,0.0029996609184266276,0,0,-0.00099516908212560207,-0.00028333421514481483,0.00028623188405796363,0.0018839773640209057,-0.0070360598065083435
2017-02-09,-0.00053102033819885097,0.0072515475642840332,-0.037775347926283231,0.013093803842132131,0.0090278054957853016,0.0032542147853913406,0.00827657890125022,0,0,-0.0017603656924286559,-0.00024346193055353461,0.0072515475642840332,0.0014504196171456485,0.01417183348095663
2017-02-10,-0.00068487775645464932,0.0081307245011346119,-0.03004350253034338,0.013278325230556106,0.0086663468457663928,0.001377595791724584,0.001900096613062896,0,0,-0.00053102033819885097,-0.00050720060611737501,0.0081307245011346119,0.0057598395058471308,-0.049781659388646204
2017-02-13,-0.00083882407126789627,-0.0035052424062989029,-0.026610096063944932,0.013223717893210118,-0.0028222975786780236,-0.0024828485867043337,-0.001632024854428038,0,1,-0.00068487775645464932,-0.00080333051885927986,0.0035052424062989029,0.0033157310880846946,-0.0027573529411766273
2017-02-14,-0.00062374376700924383,0.006224957581513868,-0.025525084817837995,0.013254450780004208,0.0070697118972982143,0.0015213523765640335,0.00060869833480081681,0,0,-0.00083882407126789627,-0.00096205138809513091,0.006224957581513868,0.0052021841151141945,0.020276497695852491
2017-02-15,-0.00098055160182486389,-0.0010814720827232449,-0.021571394556045287,0.013222462923025849,-0.00045801399909117801,0.0011206978513025323,0.00068780856351358111,0,0,-0.00062374376700924383,-0.00088776632507185931,0.0010814720827232449,0.0032286830581751413,-0.029810298102981081
2017-02-16,-0.0012296157630509175,-0.0094683772108411501,-0.020630669120546896,0.013188476866893444,-0.0084961565289101149,-0.0073201199200533251,-0.0094413314972221496,0,0,-0.00098055160182486389,-0.00073180350695110084,0.0094683772108411501,0.0063760577044462696,0.1145251396648046
2017-02-17,-0.00088597163938075596,0.0064105406594143766,-0.0054126012938131574,0.013144403563174914,0.0076495624450281241,0.0023263114297207288,0.00076032214777899121,0,0,-0.0012296157630509175,-0.0008715225919215142,0.0064105406594143766,-0.00078014379390456412,-0.017543859649122862
2017-02-20,-0.00073758981116978095,-0.0087108636318168342,0.0046064318677712102,0.012589864873054588,-0.0078318307723848068,-0.0013316521724525687,-0.00033984849722112909,0,1,-0.00088597163938075596,-0.00091174136850673553,0.0087108636318168342,0.0040722970300435257,-0.022959183673469385
2017-02-21,0.00021435614559073279,0.0087489683953576591,0.058660228569267225,0.0075944108944210184,0.009493560560068337,0.0064843691943321513,0.0056273764258554237,0,0,-0.00073758981116978095,-0.00089149451648711246,0.0087489683953576591,0.0040722970300435257,-0.022959183673469385
2017-02-22,-0.00021934996933825612,0.0098079845282499356,0.056167599783276234,0.0074581237455378351,0.009591572370175605,0.0025383861444552291,0.0023535141358608236,0,0,0.00021435614559073279,-0.00072387453396711705,0.0098079845282499356,0.0040722970300435257,-0.022959183673469385
2017-02-23,-0.00027613597640485654,0.0036204537949902083,0.065233554550301998,0.0072362381585016344,0.0038406462099569438,0.0020263531882975805,0.0042078483569802927,0,0,-0.00021934996933825612,-0.00057163420746979558,0.0036204537949902083,-0.00090692897143684892,0.014693171996542853
2017-02-24,-0.0014108332256511646,0.0002820112099457539,0.070054390796679966,0.0070612749169832534,0.00055830135344003828,0.0021732373938105898,0.0041130808237486161,0,0,-0.00027613597640485654,-0.00038093825014058337,0.0002820112099457539,-0.0042862286136473582,-0.0025553662691651935
2017-02-27,-0.0010206661485304691,0.0036110752170286364,0.056340622940563412,0.0063412120111194167,0.0050290035279489942,0.0011448767060362464,0.00194444379290859,0,1,-0.0014108332256511646,-0.00048591056739466509,0.0036110752170286364,0.0016793733538285061,-0.020495303159692613
2017-02-28,-0.00076325071665339639,-0.0077884318260561525,0.037678569242633797,0.0065141421064872484,-0.0067746803644407327,-0.0034761775448569621,-0.0068456638466234399,0,0,-0.0010206661485304691,-0.00054252583486680273,0.0077884318260561525,0.0028381728257353966,0.054054054054053946
2017-03-01,-0.0011976850241183223,0.0036782314289423024,0.047331348986530575,0.006282096391260851,0.0044448746993954735,0.0037930940911499178,0.0010094711453614291,0,0,-0.00076325071665339639,-0.00073804720731562856,0.0036782314289423024,-0.0062198263361709083,0.068651778329197777
2017-03-02,0.00036474648946160926,0.0021614747393066125,0.046116906874226204,0.0062778200193345669,0.0033631878030899731,-0.00080039375153806436,-0.0012837586955326552,0,0,-0.0011976850241183223,-0.00093371421827164185,0.0021614747393066125,0.013490826444011228,-0.029411764705882359
2017-03-03,-0.0024163542443789154,-0.0064540190723709756,0.032363417894750945,0.0064723816097539055,-0.0068162793478693251,-0.003964652046522299,-0.0057415414372162799,0,0,0.00036474648946160926,-0.0008055377250983486,0.0064540190723709756,-0.0072509794157549212,-0.058213716108452829
2017-03-06,0.00091118047839922056,0.0040146657474997571,0.039497596632719345,0.0064038478011141072,0.0064465972545164618,0.0027918700931528484,0.001048662161303282,0,1,-0.0024163542443789154,-0.0010066419288438989,0.0040146657474997571,0.0016259413569188474,-0.07197290431837422
2017-03-07,0.00077833216196276922,0.012074610984721401,0.039631642512077292,0.0064146149596638769,0.011153267866372163,0.0033604061860379453,0.0029161889848912104,0,0,0.00091118047839922056,-0.00062027260345796085,0.012074610984721401,-0.0036758506153387049,0.025547445255474477
2017-03-08,-0.00027248082778497107,0.0018947160539719565,0.041303395042723068,0.0064025345539412831,0.0011155156503013242,0.0028581794164570518,0.0041694562009162439,0,0,0.00077833216196276922,-0.00031195602773472777,0.0018947160539719565,-0.0026054978740572832,0.018683274021352281
2017-03-09,-0.0012794140074298133,-0.0040106858864205064,0.02966042268259983,0.0064157775486582518,-0.0037392239254659954,-0.00066313228791092804,-0.0025256571934200167,0,0,-0.00027248082778497107,-0.0001269151884680575,0.0040106858864205064,0.00062050795947166115,0.035807860262008662
2017-03-10,-0.001056756740924536,-0.0063237278329010271,0.014897280226770615,0.0064414816510126134,-0.0050507758588533846,0.0002156154825978529,-0.00078316694450175639,0,0,-0.0012794140074298133,-0.00045574728784634198,0.0063237278329010271,0.00021584397564056168,0.037099494097807773
2017-03-13,-0.0010084588733839661,0.00026126025856587631,0.018733339856194853,0.006364842157243345,0.0013194112962717774,-0.0025969595829911096,-0.00098172631716886283,0,1,-0.001056756740924536,-0.00018382778715546609,0.00026126025856587631,0.0039254574134111042,-0.052032520325203335
2017-03-14,0.00072687012052097266,0.0071130902881075819,0.019632512940311431,0.0064065603899216726,0.0081297476776756028,0.0022916824516105994,0.0030774148315531047,0,0,-0.0010084588733839661,-0.00056775565751210344,0.0071130902881075819,0.0023969033032911202,-0.026586620926243643
2017-03-15,-0.0021266157910253547,-0.0019538268839602857,0.018742068631489417,0.0064243656059034043,-0.0026787499012176363,-0.0020675644718466391,-0.0023796293497696519,0,0,0.00072687012052097266,-0.00057804806580046279,0.0019538268839602857,-0.003226805632613905,0.083700440528634568
2017-03-16,0.0010415184475893735,-0.00089609180454697235,0.02755849363679852,0.0059621380278215563,0.0012331464151174032,0.0020499083735368018,-0.00033345458954758822,0,0,-0.0021266157910253547,-0.00094887505844853948,0.00089609180454697235,0.0073811385700772725,-0.054471544715447129
2017-03-17,0.00075476227296555898,0.010608792608368001,0.031844964489685212,0.0062171338022742068,0.0095573200356520172,0.0021013529845110845,0.0032221276694279766,0,0,0.0010415184475893735,-0.00048468856744470211,0.010608792608368001,0.00012033796323751567,-0.036113499570077368
2017-03-20,-0.0010634761607001275,-0.0070536804470406889,0.033569946698925213,0.0060822450998865964,-0.007802553646880761,-0.0090961021969769851,-0.0091828273987746289,0,1,0.00075476227296555898,-0.00012238476466668312,0.0070536804470406889,4.0672726902890588e-05,0.0062444246208741561
2017-03-21,-0.00066938125083970679,0.003600709449014694,0.028295011217971622,0.0058721887336118548,0.0046691511406435904,0.0075000933427922245,0.0040103019063177925,0,0,-0.0010634761607001275,-0.00013338822212991542,0.003600709449014694,8.9815285544858625e-05,0.0053191489361703592
2017-03-22,-0.0040465023681760526,0.00054662275155070716,0.018864097363083143,0.0055305137613479941,0.0012168185178917934,0.0011008034706594394,0.00034736052317119182,0,0,-0.00066938125083970679,-0.0004126384964020513,0.00054662275155070716,-0.018249504789435878,0.099647266313932947
2017-03-23,-1.9784695955760156e-05,-0.0054470366546444104,0.0096588839406366311,0.0056699266300714972,-0.0014062245775515736,0.00020720032779575348,0.0018386960997955892,0,0,-0.0040465023681760526,-0.00079661581183219086,0.0054470366546444104,0.0047999337225981265,0.027265437048917374
2017-03-24,-0.00081597400057720204,-0.00017922606924658524,0.0091933229175229503,0.0056717804816751082,-0.00015944452785221497,0.0066119634004448979,-0.0030867206030478211,0,0,-1.9784695955760156e-05,-0.0010088764405412176,0.00017922606924658524,-0.00067850296480043149,0.024199843871974824
2017-03-27,0.00010811074725425307,0.0013188281635581056,0.0068883260138774549,0.0056280202822329402,0.0021365455297386315,0.0026832119749116146,0.0045871720341328359,0,1,-0.00081597400057720204,-0.0013230236952497699,0.0013188281635581056,0.0018993793069070897,-0.012195121951219412
2017-03-28,-0.00091534673124560317,-0.0017878960137359678,0.012977621536174766,0.0053225145641025663,-0.0018958018044406,-0.0015232540427279062,-0.00086335991287278535,0,0,0.00010811074725425307,-0.0010887063136588936,0.0017878960137359678,0.0019952854304703393,-0.035493827160493874
2017-03-29,-0.00024421394076001857,-0.0033586004744431408,0.0058755912027155244,0.0053449153855593965,-0.0024454922165041415,0.0002021892538164316,-0.0024210732453339157,0,0,-0.00091534673124560317,-0.001137899409740073,0.0033586004744431408,0.005953389939336029,-0.077600000000000002
2017-03-30,-0.0019992436567897176,-0.0081630554552604151,-0.0044872027931840419,0.0056464097139107281,-0.0079207758783915727,-0.0061039724413782803,-0.0074602344945808863,0,0,-0.00024421394076001857,-0.00037744172425686618,0.0081630554552604151,0.0038143771893095479,-0.0095403295750216
2017-03-31,-0.0001154534433990273,-0.020401238894890428,-0.018462032428961273,0.007125700771508702,-0.018438859010014963,-0.005464833812358294,-0.0011987959188085595,0,0,-0.0019992436567897176,-0.00077333351642365771,0.020401238894890428,0.0028469449178047945,0.010507880910682887
2017-04-05,0.003627472377247587,0.0028983624853275991,-0.019553345208072614,0.0070893994396538937,0.0030141639243306262,0.0021198101303849803,0.0011585343160265271,1,0,-0.0001154534433990273,-0.00063322940498802274,0.0028983624853275991,0.00066670285749181879,-0.047657512116316747
2017-04-06,0.0010772106580489993,0.021929119789330986,-0.010006795885294628,0.0082848767940529242,0.018235498644465276,0.001738523277874604,0.0047040182218811566,0,0,0.003627472377247587,7.0642921010644072e-05,0.021929119789330986,-0.0057861089307481572,0.09329940627650557
2017-04-07,-0.00052904727013958208,0.0025404804735031927,-0.0093687025042726857,0.0082958295693440331,0.0014616952617394485,-0.00086305291520105687,0.0010252012030589341,0,0,0.0010772106580489993,0.00046915439886956455,0.0025404804735031927,0.0024673969388591122,-0.038789759503491061
2017-04-10,-0.0025547880918553867,0.00012640952472353639,-0.0052538629804642634,0.0082535248045143735,0.00065580374604468084,-0.0012413270744890958,-0.0011269080868513415,0,1,-0.00052904727013958208,0.00041218773299365183,0.00012640952472353639,-0.00019391217819497708,0.03874092009685226
2017-04-11,-0.0019753466325015401,-0.011186999253341878,-0.010122370556086002,0.0085101253509551004,-0.0086543211180218904,-0.0045887772292976248,-0.004953357648674328,0,0,-0.0025547880918553867,0.00030107884598051804,0.011186999253341878,0.00053080994452003871,0.091686091686091764
2017-04-12,-0.0010253181951110912,0.0077262209808088844,-0.0027349029841481354,0.0087055400964121885,0.0097207695026126917,0.0092815070417360257,0.012579902838148804,0,0,-0.0019753466325015401,-7.0899791839984519e-05,0.0077262209808088844,-0.0024077824425727812,0.072597864768683129
2017-04-13,-0.0017360638246219917,-0.0082260350957140682,-0.01792403567594858,0.00871221860532655,-0.0072081075043796128,-0.0043941869869813521,-0.0056895855386560612,0,0,-0.0010253181951110912,-0.0010014579063117202,0.0082260350957140682,-0.0052175217368330973,0.046449900464498928
2017-04-14,-0.0011428153160865095,0.0030694934743658031,-0.01298109584220386,0.0087515848821956514,0.0048139145619134904,-0.00042719257770607033,-0.0020018144757460998,0,0,-0.0017360638246219917,-0.0015641128028459183,0.0030694934743658031,-0.0053134252659283732,0.012048192771084487
2017-04-17,-0.0042992457148334218,-0.014717288977617149,-0.026635113983872305,0.0093031139728601813,-0.013590004526849553,-0.002276234983005998,-0.0070931689285413935,0,1,-0.0011428153160865095,-0.0016868664120353039,0.014717288977617149,-0.0053134252659283732,0.012048192771084487
2017-04-18,-0.00054131972532567296,-0.014977862718901447,-0.051278825802252292,0.0093373675032620718,-0.01072472523306911,-0.0014515462915726252,0.0018646370965282877,0,0,-0.0042992457148334218,-0.0020357579366309109,0.014977862718901447,-0.0053134252659283732,0.012048192771084487
2017-04-19,-0.0042537240057026748,-0.010248581316562588,-0.054331427986973435,0.0094445182553007379,-0.0097125191694458213,-0.0090769255127007842,-0.010925959242817029,0,0,-0.00054131972532567296,-0.0017489525551957375,0.010248581316562588,-0.0012498313922814086,-0.016371077762619368
2017-04-20,-0.0015485155909628068,-0.012646870851973802,-0.069641128266418439,0.0095677593282690859,-0.0084290014922627776,0.005166280665798384,0.005563865540959112,0,0,-0.0042537240057026748,-0.0023946337173140543,0.012646870851973802,0.0023181587391676306,0.035367545076282925
2017-04-21,-0.0003981145893973137,-0.0057073504699073352,-0.075456388982772293,0.0095286238909255017,-0.004165284887533649,0.0047661816205770702,-0.00093182074020348171,0,0,-0.0015485155909628068,-0.0023571240705822171,0.0057073504699073352,0.0091676146975199213,-0.052243804420629592
2017-04-24,-0.003018102320968552,-0.0052906674679035204,-0.07531102705848125,0.0095273275441835423,-0.0048945014509416129,-0.0021037057876399645,-0.0054475516685004166,0,1,-0.0003981145893973137,-0.0022081839252443779,0.0052906674679035204,-0.0010580079029470779,0.033922261484099048
2017-04-25,0.00022082854871485758,-0.031101053566911174,-0.10390922551146786,0.011250947237516287,-0.028167965046626775,-0.0080021854599904296,-0.0069106084354058073,0,0,-0.003018102320968552,-0.0019519552464714041,0.031101053566911174,0.012401616101459734,-0.25905673274094332
2017-04-26,-0.00030295183842565798,0.0033410060429082122,-0.10209955721092878,0.011323454713973608,0.0031194886220484719,-0.0008072194394999066,-0.0071073324172257202,0,0,0.00022082854871485758,-0.001799525591663298,0.0033410060429082122,0.0069637789906782377,-0.0073800738007380184
2017-04-27,-0.0019195195009248378,0.0036172967374417109,-0.097237539464137934,0.011475403909214213,0.0039214365822892727,-0.00078756904118959525,0.0002503225806451681,0,0,-0.00030295183842565798,-0.0010093711582078945,0.0036172967374417109,-4.3150017674964403e-05,0.0083643122676579917
2017-04-28,-0.0027400527238969907,0.0060862184175831668,-0.08868237815301816,0.011739490001569066,0.0080211346428746833,0.0010422282120394755,0.011611497353948286,0,0,-0.0019195195009248378,-0.0010835719402003008,0.0060862184175831668,0.0039351194892145447,-0.045161290322580649
2017-05-02,-0.0013567828943341631,0.0055083137584752695,-0.076120878253483237,0.0119157602505291,0.0082710295393912947,0.0029415225320625904,0.003198125131123053,1,0,-0.0027400527238969907,-0.0015519595671002362,0.0055083137584752695,0.0072739478901584498,-0.065619223659889148
2017-05-03,-0.0017143672901269724,0.00043100809989193856,-0.056473570782581972,0.011289918576678947,0.0017902199340096292,0.00045907476032480687,-0.00035039837109351879,0,0,-0.0013567828943341631,-0.0012196956817733585,0.00043100809989193856,0.00061888502199747286,0.047477744807121747
2017-05-04,-0.0033024162806823965,-0.0018902651979616492,-0.060978710034847672,0.011212295484681566,-0.00017619997931561659,0.0013926294224617664,0.001194176408239489,0,0,-0.0017143672901269724,-0.0016067348495417244,0.0018902651979616492,-0.0037438252312820275,0.0084985835694051381
2017-05-05,-0.0031314945839493458,-0.0033266799733865371,-0.084185538388244163,0.0095456351933308897,-2.4344087013572491e-05,-0.0047133598757387318,-0.0077149388577110178,0,0,-0.0033024162806823965,-0.0022066277379930721,0.0033266799733865371,0.00045944454965374248,-0.020599250936329527
2017-05-08,-0.0027401672151330381,-0.01336651043361714,-0.098716475140630533,0.0096043649172254959,-0.010267167428863799,-0.0076754357704172937,-0.0099172087294067124,0,1,-0.0031314945839493458,-0.0024490227545979739,0.01336651043361714,0.0041841279665006947,0.010516252390057268
2017-05-09,-0.0043770713990745058,-0.018827935680093999,-0.11579755498704469,0.0099850714106604274,-0.01613197276785483,-0.010590415327095482,-0.010739397431029363,0,0,-0.0027401672151330381,-0.0024490456528451832,0.018827935680093999,0.00031143660789800798,-0.075685903500473106
2017-05-10,-0.00068394414806860482,0.0063108183945532748,-0.10015090275353133,0.010276977464176381,0.010734877117230202,0.0068678735548461933,0.0034658888434278001,0,0,-0.0043770713990745058,-0.0030531033537932518,0.0063108183945532748,0.0029380630741349112,0.019447287615148579
2017-05-11,-0.0068923222267999185,-0.01988567610509584,-0.12480694538565706,0.010302060233411394,-0.019214873857557935,-0.010460073248399149,-0.020574871423483021,0,0,-0.00068394414806860482,-0.0028470187253815784,0.01988567610509584,0.0013969241527369558,0.025100401606425793
2017-05-12,-0.0025828634859180744,-0.0086717652316161686,-0.12520028089654789,0.010306261486185062,-0.0017917926168955489,0.014120799693587038,0.010768357175598098,0,0,-0.0068923222267999185,-0.0035649999146050828,0.0086717652316161686,-0.0021503832511576837,0.038197845249755114
2017-05-15,0.0020213530856156847,-0.0021456177280817501,-0.12974849798885746,0.010112500160287091,0.00043837802843893492,-0.0017496770139567852,0.0024410642768262214,0,1,-0.0025828634859180744,-0.0034552736949988285,0.0021456177280817501,0.00086167993250430008,-0.018867924528301772
2017-05-16,-0.0018723956924076024,0.0027539240025504785,-0.11431703941574345,0.010153971435791153,0.00073109311960140033,-0.0020508209359249019,-0.0026917446418089908,0,0,0.0020213530856156847,-0.0025029696348490837,0.0027539240025504785,0.0046461250434961521,0.0019230769230769162
2017-05-17,-0.00060266816428600212,0.021397261756588515,-0.081610334949182795,0.011614304181360195,0.023313309188696785,0.014561776009890615,0.019162208533966218,0,0,-0.0018723956924076024,-0.0020020344935157029,0.021397261756588515,0.0032847290992850109,0.022072936660268772
2017-05-18,-0.0080616292601609629,0.0027378353748992446,-0.069560247775428907,0.011620371327499041,0.0033425179683534978,-0.0010279458764722582,-0.0042170394173487447,0,0,-0.00060266816428600212,-0.0019857792967591823,0.0027378353748992446,-0.025710428258618134,0.46384976525821586
2017-05-19,-0.000273965679813859,-0.0067684398376315347,-0.064020663471712203,0.011450844649142174,0.0013036993634645277,-0.0036703860795640475,-0.0057400893872479042,0,0,-0.0080616292601609629,-0.0022196407034313914,0.0067684398376315347,0.0073013221897646474,-0.059653624118024329
2017-05-22,-0.0012782785848390876,-0.0012089068104409462,-0.059786044706515606,0.011444005481378366,-0.00093519734260283371,0.0020735039815547029,0.00088359119180858592,0,1,-0.000273965679813859,-0.0017578611422105483,0.0012089068104409462,0.0047183132319206234,-0.17871759890859484
2017-05-23,-0.0027859195772563794,-0.018283378383776583,-0.072066946996937942,0.01193809552539337,-0.017026864875674952,-0.0039395024284141211,-0.010726270775943791,0,0,-0.0012782785848390876,-0.0024177874763015028,0.018283378383776583,0.0082055328172001563,-0.092192691029900242
2017-05-24,-0.0054579356507143961,-0.031814279261989098,-0.072750016886889091,0.012025114848791395,-0.029109456288891167,-0.010822675792265701,-0.017247859505941432,0,0,-0.0027859195772563794,-0.0026004922532712584,0.031814279261989098,0.00082985251776279689,-0.019213174748398787
2017-05-25,-0.0016703522240224533,0.004750477359233507,-0.071447436561367095,0.012072588873350644,0.010264435639157243,0.012026397964698399,0.0053715961434408488,0,0,-0.0054579356507143961,-0.0035715457505569371,0.004750477359233507,0.0039601153988380045,-0.065298507462686617
2017-05-26,-0.0010812111223718057,0.00843402387571901,-0.066990972582347097,0.012271181852788238,0.010121282205984183,0.0014399984492325935,0.016184189821059292,0,0,-0.0016703522240224533,-0.0022932903433292352,0.00843402387571901,0.0068537827234049775,-0.0029940119760478723
2017-05-31,0.0097119860423899862,9.6783604304429005e-05,-0.072545364092359121,0.012099660041794084,0.0011792697662635909,-0.004211224793224666,-0.0019152197880287769,1,0,-0.0010812111223718057,-0.0024547394318408244,9.6783604304429005e-05,0.00079448725758468619,-0.018018018018017945
2017-06-01,-0.0029129215313564716,-0.0028534575361556236,-0.080258043784302124,0.011908100891941645,-0.012444581972128832,-0.0055535870133202048,-0.0075909552467989805,0,0,0.0097119860423899862,-0.00025668650639500969,0.0028534575361556236,-0.00075283845892182288,0.0028901734104045396
2017-06-02,-0.0038282285535111704,-0.027228398835940415,-0.10568660091313953,0.012916805454795989,-0.024386513304262669,-0.014192159678305449,-0.013888732726925146,0,0,-0.0029129215313564716,-0.0002820868972150281,0.027228398835940415,0.0077937959383851396,-0.049951969260326523
2017-06-05,0.0011375137079563391,0.01113407351453044,-0.094016701082799248,0.013426095326028353,0.015019801300247382,0.0043703237040864096,0.01821746425183246,0,1,-0.0038282285535111704,4.3854522225617029e-05,0.01113407351453044,0.0094399879618942695,-0.014155712841253831
2017-06-06,-0.0018643897370582696,0.0093171816723567336,-0.082523338860002626,0.013793667102401935,0.0081703740519170065,0.0014475180310398184,0.0024541543527292209,0,0,0.0011375137079563391,0.00060542770862137552,0.0093171816723567336,-0.0016048717054140127,0.032820512820512793
2017-06-07,-0.0004056902221709624,0.005179791411796808,-0.06527701662021812,0.013768811701494358,0.0070573387788452902,0.001362026316741316,0.0033805636410273454,0,0,-0.0018643897370582696,0.00044879198568408273,0.005179791411796808,-0.0032752617667988204,0.037735849056603765
2017-06-08,0.00031711078054152964,0.020837472438767879,-0.027489384906978942,0.014259205395978705,0.021251784302033894,0.0020538613548120033,0.0052110267460154791,0,0,-0.0004056902221709624,-0.001574743267228107,0.020837472438767879,0.0035569381009901146,-0.0057416267942582699
2017-06-09,-0.0014954075462241256,-0.00069546613243265387,-0.034260340709407977,0.014148132103506685,-0.0010122559157107469,-0.00013345207844805973,-0.0042393683531016801,0,0,0.00031711078054152964,-0.00092873680484850674,0.00069546613243265387,0.0038714513019699748,-0.022136669874879722
2017-06-12,-0.0046077305362168808,0.00082261034418906753,-0.01385576849527026,0.013485240806723843,0.0023214894632750394,0.0032506406396977106,0.0057180083046612928,0,1,-0.0014954075462241256,-0.00046217260339109778,0.00082261034418906753,-0.018007643441067089,0.053149606299212504
2017-06-13,-0.0017166410688436162,-0.013854490428004573,-0.0190113914026383,0.013696445601765398,-0.0092895636981076279,-0.0047136188149203839,-0.0042322167884345507,0,0,-0.0046077305362168808,-0.0016112214522257418,0.013854490428004573,-0.0052288044949032608,0.071028037383177756
2017-06-14,-0.00087719656138940394,0.01466320578579805,-0.0024866712791502543,0.014123088870628318,0.01640801352451593,0.0013086652431584245,0.00097470530819609991,0,0,-0.0017166410688436162,-0.0015816717185828111,0.01466320578579805,0.0072723327493011691,-0.090750436300174542
2017-06-15,-0.0017452481036556167,0.0013436747327950638,-0.0038895503003408827,0.014111978802256252,0.0022228211452497426,-0.00027291761146841509,-0.0022440818439414256,0,0,-0.00087719656138940394,-0.0016759729864264995,0.0013436747327950638,-0.0040962193567263272,0.021113243761996303
2017-06-16,-0.00023875375903037455,0.012567144516050233,-0.012501059636332856,0.01353016784376072,0.014337414965986506,-0.0012217831067050655,0.00057441183181006217,0,0,-0.0017452481036556167,-0.0020884447632659288,0.012567144516050233,-0.0047442327466670209,0.024436090225563811
2017-06-19,-0.001034536037458289,-0.0016672523734538869,-0.016839202000414888,0.013509820441325097,-0.001428839755286071,0.00033869010258813503,0.0003239012222231441,0,1,-0.00023875375903037455,-0.0018371140058271785,0.0016672523734538869,-0.0022285297218391786,-0.047706422018348627
2017-06-20,0.0009506312618827728,0.0062891729757690307,-0.0039139854159822018,0.013519752070979744,0.0073312935005547253,0.0011134235032608242,0.0016489622771460599,0,0,-0.001034536037458289,-0.00112247510607546,0.0062891729757690307,0.014182933014291743,-0.00096339113680166122
2017-06-21,0.000827580692449148,0.001874559398431952,-0.00083887032130069983,0.013524123615533195,0.00092305065573938805,-0.0034979429333319434,-0.0050425427250414545,0,0,0.0009506312618827728,-0.0005890206399301823,0.001874559398431952,-0.008171168182131483,0.047251687560269984
2017-06-22,-0.0011033835763752942,5.1973666675531049e-05,0.01782228979802758,0.012819338087198599,-0.0007749656791403714,0.0044976367328415368,0.0016230581030776126,0,0,0.000827580692449148,-0.00024806518916247188,5.1973666675531049e-05,0.0074207785030131479,-0.01012891344383049
2017-06-23,-0.0021988724843867713,-0.017620822500496347,0.032743411181763715,0.01119991719586705,-0.016535684126410266,-0.013950825680219769,-0.015265340144050898,0,0,-0.0011033835763752942,-0.00011969228370640738,0.017620822500496347,0.00043952870972652214,-0.025116279069767433
2017-06-26,-0.00082015437881099995,0.00063755093625039727,0.028515896231807947,0.011178157604068338,0.0028426740984943688,0.011551720827928103,0.013749534467286217,0,1,-0.0021988724843867713,-0.00051171602877768678,0.00063755093625039727,0.0045793521884205379,-0.043893129770992467
2017-06-27,-9.3807498971476555e-05,0.01158112207964046,0.031725665490976329,0.011302857419408797,0.012411455768247093,0.0027022378453047669,0.0048802493990587337,0,0,-0.00082015437881099995,-0.0004688396970482289,0.01158112207964046,-0.002888950959658465,-0.011976047904191489
2017-06-28,-0.0022303897629525338,0.0016000879110276145,0.033276513030651156,0.01129716511596986,0.0016940543249983619,0.0005260973748677511,1.7393863980030844e-05,0,0,-9.3807498971476555e-05,-0.00067772744921907875,0.0016000879110276145,-0.016092138014934809,0.11717171717171726
2017-06-29,0.00020206211119888629,-0.0067660953996705464,0.029222107147264031,0.011413427648366116,-0.0045458446420716392,-0.0007403458895995918,-0.003618587945377616,0,0,-0.0022303897629525338,-0.0012893215402994152,0.0067660953996705464,0.014282646397532295,-0.093128390596745159
2017-06-30,-0.0028122472900101725,0.004473655141941979,0.062763849892393475,0.0091998806906332161,0.0042707300780071566,-7.7776660297068645e-05,-0.0031789531378459968,0,0,0.00020206211119888629,-0.0010282324027845791,0.004473655141941979,-0.014445633187422646,0.14057826520438677
2017-07-03,0.00032012815841908626,0.0012190428166996004,0.052342545267971108,0.0090086673818178167,0.0040426590637061555,-9.2413395924362263e-05,0.0034502270805865098,0,1,-0.0028122472900101725,-0.0011509073639092593,0.0012190428166996004,-0.00063961200126949613,-0.022727272727272707
2017-07-04,-0.00041395231587759707,0.0095556246115600096,0.052591152597855961,0.0090181877387154902,0.0092325408568387779,0.0024605644667889948,0.0023312503241541549,0,0,0.00032012815841908626,-0.00092285085646324203,0.0095556246115600096,-0.0049442871985955206,0.0035778175313059268
2017-07-05,-0.00037614521597784112,-0.0017791988961272098,0.045303927275859524,0.0090478016737464105,-0.0013658119612741659,0.00018212466366751556,0.00027653653938441991,0,0,-0.00041395231587759707,-0.00098687981984446616,0.0017791988961272098,-0.0049442871985955206,0.0035778175313059268
2017-07-06,-0.0006510210751599077,0.0085583005147740199,0.032730459919511068,0.0080861064174186786,0.0089378076443384913,0.0025367029203791081,0.0065061420368404121,0,0,-0.00037614521597784112,-0.00061603091044952767,0.0085583005147740199,-0.0049442871985955206,0.0035778175313059268
2017-07-07,-0.0021639668603932183,0.0018054633056057146,0.0353150434185725,0.008067360689998606,0.0024580846456743188,0.0020497664848020403,0.0060853913549854255,0,0,-0.0006510210751599077,-0.00078664754772128642,0.0018054633056057146,-0.0099823439323931673,0.13279132791327908
2017-07-10,-0.0013209363825494869,0.002841439768054288,0.037403449946383782,0.0080675422861495923,0.0050162616524265236,0.0025196535607858728,0.002862547720091202,0,1,-0.0021639668603932183,-0.0006569914617978956,0.002841439768054288,0.010447560210593343,-0.10765550239234445
2017-07-11,-0.001505712072485399,-0.0059776634511200522,0.045689699187631438,0.0074263538172136398,-0.0046628864449234086,-0.0027898370972008202,-0.0016770875326392876,0,0,-0.0013209363825494869,-0.00098520436999161021,0.0059776634511200522,0.0037883466491579476,-0.0071492403932081894
2017-07-12,-0.0016688824900955579,-0.012372967915532329,0.017826810118904302,0.0075104777217679239,-0.010883643476422011,-0.009298028007926562,-0.0068500876498042151,0,0,-0.001505712072485399,-0.0012035563213131707,0.012372967915532329,0.0027378452461712666,-0.019801980198019709
2017-07-13,-0.0014797312936409845,-0.0012987620339255379,0.015140876155293137,0.0075256878785242747,0.00037073917628971387,0.0075882578147328239,0.010103289785757807,0,0,-0.0016688824900955579,-0.0014621037761367139,0.0012987620339255379,0.010958616569518576,-0.054178145087235952
2017-07-14,-0.0018423154573878886,-5.3516502482864325e-06,0.0025364233613847098,0.0069955830794345532,0.0014765645621823698,-0.00019396073164656968,-0.0026021545839955973,0,0,-0.0014797312936409845,-0.0016278458198329294,5.3516502482864325e-06,0.0021194121865402149,-0.038834951456310662
2017-07-17,-0.0036686855423924136,-0.005500187977720894,-0.001312651569606027,0.007099714863129063,-0.0036646239136146619,-0.0016372591288276173,-0.0033413335836205427,0,1,-0.0018423154573878886,-0.0015635155392318633,0.005500187977720894,0.0060610986797229316,-0.039393939393939426
2017-07-18,-0.0049967865640068165,-0.05174770421273267,-0.058911099955138768,0.013421772393679438,-0.048256054961510531,-0.012480368078390369,-0.025797561359910959,0,0,-0.0036686855423924136,-0.0020330653712004485,0.05174770421273267,0.00031049652513193138,0.03259726603575186
2017-07-19,-0.0016962979633172726,0.008664217929128526,-0.052533383085903163,0.013634236918576599,0.013729608415997685,0.0049060833454654951,0.014762702018363827,0,0,-0.0049967865640068165,-0.0027312802695047323,0.008664217929128526,0.0047320185669965653,0.0071283095723013723
2017-07-20,-0.00043455322929975004,0.013109035670079816,-0.040162895662289921,0.014073635711505456,0.014830490564336385,0.0062123428229770017,0.0072958606444466501,0,0,-0.0016962979633172726,-0.0027367633641490752,0.013109035670079816,0.0064199258863453235,-0.01011122345803861
2017-07-21,-0.00167014037460822,0.0058449491864274172,-0.017235579140418622,0.013670918279557734,0.0062822323800950652,-0.0017141266634883578,-0.0025277905513503285,0,0,-0.00043455322929975004,-0.0025277277512808284,0.0058449491864274172,0.00077681580694877184,-0.021450459652706755
2017-07-24,-0.0024390916486273229,0.0010766194150368946,-0.016804353189654897,0.013673663126912112,0.0027513549386128933,-0.00023158422911406795,0.00014755303290425736,0,1,-0.00167014037460822,-0.0024932927347248945,0.0010766194150368946,-0.00035211267605639307,-0.022964509394572064
2017-07-25,-0.0015426512209569809,0.005506914666262297,-0.022708115286735997,0.013450861663146605,0.0079654347402422498,0.0014556360580277872,0.0065227772732416867,0,0,-0.0024390916486273229,-0.0022473739559718763,0.005506914666262297,0.0036100348322962716,0.0074786324786324521
2017-07-26,-0.00040803204906281199,-0.0018923188310406847,-0.026115763517138624,0.013437178085243924,-0.00035020785866435311,0.0027469726818114548,0.0016141217072536129,0,0,-0.0015426512209569809,-0.0015565468873619092,0.0018923188310406847,0.00021214167944449969,0
2017-07-27,-0.002157788822022777,0.0015153513471926061,-0.017995651623367026,0.013385237761185781,0.001924168518678826,0.0021349015855733899,0.0045875605312695189,0,0,-0.00040803204906281199,-0.0012988937045110172,0.0015153513471926061,0.0016499874457476249,0.018027571580063517
2017-07-28,-0.002242957236178178,0.012790351542619982,-0.0098649933549427304,0.013684202696910994,0.014980465044664992,-0.0003777467877983387,0.0044746959954939935,0,0,-0.002157788822022777,-0.0016435408230556225,0.012790351542619982,-0.0063150519637227287,0.053125000000000089
2017-07-31,-0.0004386558717608402,0.00041852281762033705,-0.010656651164784314,0.013680374632929076,0.0026674630593697124,-0.0011724344038502865,0.00048763308319554888,0,1,-0.002242957236178178,-0.0017581041953696141,0.00041852281762033705,-0.001176712069054564,0.017804154302670572
2017-08-01,-2.6863847305880206e-05,0.0079540223660339304,-0.012226187791060328,0.013623325977698702,0.0083963613510027457,0.002420906506960474,0.0008819112738105428,0,0,-0.0004386558717608402,-0.0013580170399963177,0.0079540223660339304,-0.004166483650944075,-0.0029154518950437192
2017-08-02,-0.0010264419496762711,0.0010718675075052086,-0.0094049595344836145,0.013624421956720171,0.0010987608717552,0.0036696975899850326,0.00044028914110061379,0,0,-2.6863847305880206e-05,-0.0010548595652660974,0.0010718675075052086,0.0023345494414093171,-0.016569200779727122
2017-08-03,-0.0020353176326982636,-0.0085094050259427734,-0.026168675079862092,0.013569386198229243,-0.007490651795499903,-0.0033058988241196907,-0.0063696066092232551,0,0,-0.0010264419496762711,-0.0011785415453887892,0.0085094050259427734,-4.557641593350148e-05,0.018830525272546916
2017-08-04,-0.00091458897374763204,0.0046809599012653802,-0.023373473054994931,0.013618445205378284,0.0067299751710969691,0.00010103255268845146,-0.00053311362589958389,0,0,-0.0020353176326982636,-0.0011540473075238866,0.0046809599012653802,-0.0035064006349554422,0.015564202334630295
2017-08-07,-0.0013695775151100209,-0.0047089882948775363,-0.030726528127943187,0.013608330695973146,-0.0037978728137290085,-0.0073136850816407639,-0.0053667985370863258,0,1,-0.00091458897374763204,-0.00088837365503777741,0.0047089882948775363,0.001769621187507342,-0.039272030651340994
2017-08-08,0.00014103084143024525,0.0075841031567949191,-0.017502418244849105,0.013709355057175866,0.0089659602494640556,0.0035923558980013315,0.0052332975985698305,0,0,-0.0013695775151100209,-0.0010745579837076135,0.0075841031567949191,0.0050711951079733808,-0.0099700897308075964
2017-08-09,-0.00018873758648796368,0.0034263778713206072,-0.0017851297091816543,0.013459771038774489,0.0032848837599697145,0.00097676662111112478,0.0012088446688207632,0,0,0.00014103084143024525,-0.0010409790459603885,0.0034263778713206072,-0.0020849748659491629,0.10372608257804639
2017-08-10,-0.0021960194146261047,0.0033049156102047395,0.0028163059431414172,0.013475764261830237,0.0034943127048390199,0.0020400742234081282,0.0018016813910906038,0,0,-0.00018873758648796368,-0.00087343817332272697,0.0033049156102047395,-0.0028459483302618604,0.013686131386861256
2017-08-11,-0.0069195549660472366,-0.0072244502613610928,-0.0044231626013976344,0.01357866850210622,-0.0050394976814834846,0.0029558044559458985,0.0081027769724524301,0,0,-0.0021960194146261047,-0.00090557852970829522,0.0072244502613610928,-0.021324458899332988,0.44374437443744363
2017-08-14,0.00044075105070695564,-0.015162815824803166,-0.0140962549003254,0.013946644892420781,-0.0083006979947873871,-0.0068357628028254958,-0.004854599648296154,0,1,-0.0069195549660472366,-0.0021065717281682161,0.015162815824803166,0.0063842415878088143,-0.033042394014962562
2017-08-15,0.00035051855340184623,0.01995524261776116,0.060453739999688061,0.0081018739462431159,0.019505894323636142,0.0021639739894081522,0.0042901040078144881,0,0,0.00044075105070695564,-0.0017445060150048208,0.01995524261776116,0.013373163527561349,-0.20502901353965186
2017-08-16,-0.00062872221534004957,0.0043681033467832808,0.055937042871610165,0.0079992662950237898,0.0040161770488118531,0.0029417776513072091,0.0019552520873817869,0,0,0.00035051855340184623,-0.0017026084726105006,0.0043681033467832808,-0.0011387599503487333,-0.023519870235198748
2017-08-17,0.00045066658890458022,0.0049405311370680494,0.047423224301660349,0.0076434315695915996,0.0055727570685779604,-0.00037232400403319765,0.0013006697121804578,0,0,-0.00062872221534004957,-0.0017906053983809179,0.0049405311370680494,0.0019106238581652057,-0.02491694352159457
2017-08-18,-0.0064655427155280165,0.0092558964421198819,0.050975168739389121,0.0077627113383174568,0.0088012634178527005,0.00082019250864551196,0.0023511291607152263,0,0,0.00045066658890458022,-0.0012612681976747809,0.0092558964421198819,-0.019416527057844468,0.32453151618398635
2017-08-21,0.0009001803000423525,-0.0049841020933228952,0.044612351262288685,0.007938236682129755,0.0014910812718607058,0.00022839700945143093,-0.0016958465594870686,0,1,-0.0064655427155280165,-0.0011704657475709369,0.0049841020933228952,-0.00086468624586344411,-0.082958199356913287
2017-08-22,-0.0011740118842498148,0.0073505925087047341,0.046527732069593375,0.0079890244652327316,0.0064446108968914118,0.0027631350743404504,0.0032627285191655364,0,0,0.0009001803000423525,-0.0010785798977038575,0.0073505925087047341,-0.00054692891371865837,-0.075035063113604528
2017-08-23,-0.0017704808246248316,-0.0060849455250623352,0.04213171329497567,0.0081582218570091704,-0.0049167059119845646,-0.0007903565957233516,-0.0038320667026496835,0,0,-0.0011740118842498148,-0.0013834859852341896,0.0060849455250623352,0.013576088058675717,-0.13949962092494317
2017-08-24,-0.00040080373092521437,-0.0066772043013588744,0.033606909313883548,0.0083913153319807015,-0.0049154261444676051,-0.0018016920007525306,-0.0015371445684466689,0,0,-0.0017704808246248316,-0.0016118377070911461,0.0066772043013588744,-0.0030281954051460946,0.079295154185021977
2017-08-25,-0.0003633172467497614,-0.0064088782007893919,0.014013064955012089,0.0081489940562934713,-0.0060104834940731822,-0.0046506371692005555,-0.0058666135511071804,0,0,-0.00040080373092521437,-0.001782131771057105,0.0064088782007893919,-0.0011276740448616929,-0.0016326530612245094
2017-08-28,0.00055825127127850926,0.0097174006253866185,0.023438303863962506,0.0083920860178145155,0.010084381701931378,-0.00059097357277237972,0.003243581848682231,0,1,-0.0003633172467497614,-0.0005616866773014539,0.0097174006253866185,-0.00090730355442936172,-0.077677841373671397
2017-08-29,-0.0005037381294435983,0.01105125857881406,0.026583120101545399,0.0085505080789616515,0.010487152841129888,-0.00094769879125922163,-0.00028253686713708426,0,0,0.00055825127127850926,-0.00063007248305422257,0.01105125857881406,0.0027738586959991096,0.0035460992907803135
2017-08-30,-0.00071748526007209268,-0.0024872887897985363,0.022933262488712414,0.0085934723447277598,-0.001984550354037995,0.00054989330232579903,-0.0017689358626540308,0,0,-0.0005037381294435983,-0.0004960177320929793,0.0024872887897985363,0.003003332792192337,0.033568904593639592
2017-08-31,-5.4867820806880907e-05,0.0040543819723630747,0.035895478861250663,0.0083030110708496516,0.0047752934350873133,0.00070986609284728885,0.00047967021692341127,0,0,-0.00071748526007209268,-0.00028541861918243152,0.0040543819723630747,0.010539695234286883,-0.04102564102564088
2017-09-01,0.00098042917538476715,0.0033377924324211605,0.034510580407052682,0.008283871346787583,0.0033928464113170964,0.0017908898100587045,0.0044321394848831908,0,0,-5.4867820806880907e-05,-0.00021623143715876481,0.0033377924324211605,0.0094766115343001278,-0.056149732620320969
2017-09-04,-5.1677783849957137e-05,0.0078069765413115721,0.047519738426934577,0.008244470726799645,0.0068198609752545547,0.0017925507544245267,0.0027906145181915143,0,1,0.00098042917538476715,5.2517847268140906e-05,0.0078069765413115721,0.0010375412605425627,-0.043437204910292682
2017-09-05,-0.0010014733583723068,0.007524285328547986,0.047457549716729552,0.00824248496224185,0.0075763546416154348,0.0017250946682629831,0.0012093838946527491,0,0,-5.1677783849957137e-05,-6.9467963757552378e-05,0.007524285328547986,0.0010375412605425627,-0.043437204910292682
2017-09-06,-0.003065030957966397,0.00030646879980911201,0.044200736478156699,0.0082506246550726071,0.0013092533405214546,0.00097134344368843273,0.0012861191547040018,0,0,-0.0010014733583723068,-0.00016901500954329406,0.00030646879980911201,0.0010375412605425627,-0.043437204910292682
2017-09-07,0.00013234313520893437,0.007365816764732358,0.048427164466644745,0.008328916941340081,0.010462916886867513,0.0031991625496277099,0.0036604212166493344,0,0,-0.003065030957966397,-0.00063852414912215496,0.007365816764732358,0.0027824963101339417,-0.049059689288634467
2017-09-08,-0.00092159183579565429,-0.0044462203309595383,0.051361132500944207,0.0081818143864781298,-0.0045779576049062021,-0.0052728010181960494,-0.0071638237686661999,0,0,0.00013234313520893437,-0.0006010819579189919,0.0044462203309595383,0.0007132455645040281,-0.0068787618228718372
2017-09-11,-0.0003788850064869731,0.0019646139412174968,0.069645488783363296,0.0070494576176947151,0.0028888681343004485,0.001222343988289909,-0.0016111694160561019,0,1,-0.00092159183579565429,-0.00098148616015507621,0.0019646139412174968,-0.0058894600859349389,0.049350649350649256
2017-09-12,0.00071078319976169979,0.010467176694362257,0.05969518264424778,0.006136539622231498,0.010850172668591229,0.0045580793668911213,0.0053460460582428482,0,0,-0.0003788850064869731,-0.0010469276046824794,0.010467176694362257,0.011331422488950915,-0.1146864686468646
2017-09-13,-0.0013469241013331912,-0.0026966836850638165,0.05224122153267019,0.0062511297066811166,-0.0034050466348829467,-0.0060296449153182108,-0.0053726006182205355,0,0,0.00071078319976169979,-0.00070447629305567803,0.0026966836850638165,0.0034233690802298877,-0.013979496738117492
2017-09-14,0.00023710579584945712,0.0037306253069822048,0.050974367675010956,0.0062327875479394656,0.0050843977061265644,0.0035248256571869252,0.0048729484823522018,0,0,-0.0013469241013331912,-0.00036085492172903687,0.0037306253069822048,0.00091567146141779965,-0.0075614366729678251
2017-09-15,-0.0018794808186857193,-0.001497045636559724,0.039776943372982876,0.0060819717388967548,-0.0017337403525230499,0.0020668923836344444,-0.00098550263789154435,0,0,0.00023710579584945712,-0.00033990238960093235,0.001497045636559724,-0.0048156478369830724,-0.0057142857142857828
2017-09-18,-0.0012549917327894233,-0.0046166010700915416,0.04016097652403694,0.0060603735870835337,-0.002742274303358605,0.0001979954232596004,-0.0017961394402075115,0,1,-0.0018794808186857193,-0.00053148018617894528,0.0046166010700915416,0.0030159836244065819,-0.025862068965517238
2017-09-19,-0.00010954502300442037,0.0077926230849956202,0.040617404464127649,0.0060817276025475356,0.0090589837675207896,0.0043820322765446562,0.0037397233438862809,0,0,-0.0012549917327894233,-0.00070670153143943533,0.0077926230849956202,0.00095681611296938307,-0.0019665683382497079
2017-09-20,-0.001157353240652359,-0.0045291200890461569,0.042246335447451822,0.0059818629933441414,-0.0044200592615352141,-0.0031949324890844233,-0.0025900460480665632,0,0,-0.00010954502300442037,-0.0008707671759926594,0.0045291200890461569,0.001034914418154953,0.0029556650246305161
2017-09-21,-0.00011284403324629544,0.0088085332982543729,0.058494782915674559,0.0057866306220261251,0.0099774339544271839,0.0012956213772505887,0.0039601467746706032,0,0,-0.001157353240652359,-0.00083285300385649297,0.0088085332982543729,-0.00081717048528784364,-0.039292730844793788
2017-09-22,-0.003309259841561274,-0.011115137274766429,0.053481100156680617,0.0062598276559598619,-0.011003534924781011,-0.0048012557712860948,-0.0074826148127080661,0,0,-0.00011284403324629544,-0.00090284296967564344,0.011115137274766429,-0.0051657052930279557,-0.011247443762781084
2017-09-25,-0.0018510190796371395,-0.004720449957905215,0.038417476704253772,0.0062315490156429646,-0.0014158756166627873,-0.0017790562227547602,0.00026632210447963267,0,1,-0.003309259841561274,-0.0011887987742507545,0.004720449957905215,0.00065860254815364172,-0.0082730093071354815
2017-09-26,-0.0011859373949210106,-0.014962298066302893,0.011699808710351922,0.0069009286912695153,-0.01313559322033897,-0.0072680446122619369,-0.0093082192921654094,0,0,-0.0018510190796371395,-0.0013080042436202977,0.014962298066302893,-0.0087646959974606586,0.064650677789364064
2017-09-27,-0.00014974021363800549,0.001871375583915702,0.016120464069990792,0.0068668927824191671,0.0030609430656820535,0.004071110281594903,0.0013210056705008633,0,0,-0.0011859373949210106,-0.0015232827180036157,0.001871375583915702,0.0015022156503556872,-0.0039177277179236469
2017-09-28,-0.001344321776860502,0.0082460386613740777,0.020362493402797721,0.0070326931614800589,0.0083970362490140005,0.00089445323662640241,0.0023844816190861096,0,0,-0.00014974021363800549,-0.0013217601126007451,0.0082460386613740777,0.011457392918045928,-0.029498525073746396
2017-09-29,0.0014223505984813922,-0.0053516809783590302,0.011525576441575813,0.0071501747388672586,-0.0040127536335933245,-0.004690318547064587,-0.0063681314605390504,0,0,-0.001344321776860502,-0.0015680556613235862,0.0053516809783590302,2.9442483334030101e-05,-0.032421479229989725
2017-10-09,0.010043401980884603,0.0095419773633866889,0.013266979058869977,0.0072520476637444771,0.0081080942122500055,0.0037190135527713775,0.0033261011953495956,1,0,0.0014223505984813922,-0.00062173357331505306,0.0095419773633866889,0.00073192657652731974,0.05005440696409158
2017-10-10,-0.00091291197513854172,0.01257943429521502,0.018350941397779819,0.0075835128146818616,0.0025108151880965934,1.1332828812493645e-05,-0.00030714773050566357,0,0,0.010043401980884603,0.0017571506387892954,0.01257943429521502,-0.0015856926517940906,0.070466321243523256
2017-10-11,-0.00044028949033980691,0.0066888116026704303,0.024848414926482931,0.007689134749986979,0.0076086696234232143,0.005029711882112986,0.0056871286730157955,0,0,-0.00091291197513854172,0.0018117557227457892,0.0066888116026704303,0.0011429040401353951,-0.024201355275895398
2017-10-12,-0.001268562141332974,-0.0041239615046892997,0.013159234242259288,0.0076376784211395453,-0.0036852946108353324,-0.0022406997800654693,-0.0025594447646011265,0,0,-0.00044028949033980691,0.001753645867405429,0.0041239615046892997,0.0024744772097613499,-0.022817460317460347
2017-10-13,-0.00076317708353002001,-0.0026727725116401091,0.014964043858056941,0.0075851257401325723,-0.001405993961017038,0.0029492973472742268,-0.0013092857412367875,0,0,-0.001268562141332974,0.0017687977945109346,0.0026727725116401091,-0.0018232617304329013,0.0060913705583756084
2017-10-16,-0.0011476707301317779,0.0040526466250823123,0.017079166555042269,0.0076167338278495256,0.004819501841972329,0.003076160448503007,0.0021733719822309983,0,1,-0.00076317708353002001,0.0013316922581086521,0.0040526466250823123,0.0021679402746865861,-0.030272452068617617
2017-10-17,-0.0025652698776446048,-0.019169236905578702,-0.012751172855404169,0.0084856054294330744,-0.018042272763802991,-0.0031855374813730686,-0.0057064968619353618,0,0,-0.0011476707301317779,-0.00090652228409462412,0.019169236905578702,0.0027551545611432804,0.031217481789802326
2017-10-18,0.00014989027263379029,-0.0018069423415313368,-0.011870401596054347,0.0084764014592921544,0.00076027785399079839,-0.000441788873579263,-0.0037904844800719095,0,0,-0.0025652698776446048,-0.0012369938645958368,0.0018069423415313368,-5.1328502415515231e-05,0.040363269424823489
2017-10-19,-0.0014979858687412806,-0.0096506275534191666,-0.025043669086070586,0.0086460950646604744,-0.0097990490439202604,-0.0086447570401356755,-0.010630400950157659,0,0,0.00014989027263379029,-0.0011189579120011173,0.0096506275534191666,8.454540239077879e-05,-0.023278370514064006
2017-10-20,-0.00080196232605644902,-0.0095933188277936843,-0.032949016556609201,0.0088463869096183177,-0.0081074778462973951,-0.003842175454574992,-0.0041971830619536021,0,0,-0.0014979858687412806,-0.0011648426574827786,0.0095933188277936843,-0.002890906401055604,-0.0019860973187685316
2017-10-23,0.00031736898530954072,0.01240951801280521,-0.016407525889756136,0.0093494414463718371,0.013222083952063146,0.0056123726480512559,0.0058890323585327753,0,1,-0.00080196232605644902,-0.0011725997059880643,0.01240951801280521,0.003630544415123671,-0.0079601990049751326
2017-10-24,-0.00096358520415562587,0.0054933217050714411,-0.018651614089252644,0.0092520420600143982,0.0051743105540718037,0.002103517219654405,0.0027597795264244773,0,0,0.00031736898530954072,-0.00087959176289980072,0.0054933217050714411,-0.0063689367254735618,0.11033099297893667
2017-10-25,-0.001036969778263841,-0.0051900161795066513,-0.019303134213765061,0.0092668537593016322,-0.0042305074297163126,0.0064671566578482498,0.00088426917411843498,0,0,-0.00096358520415562587,-0.00055925482820200494,0.0051900161795066513,0.0017610899324864704,0.0081300813008129413
2017-10-26,-0.0010423250643920579,0.0059986896003796364,-0.02203467822523919,0.0091317022609405159,0.0070429627181316512,0.0044725529739322312,0.0017942691275254496,0,0,-0.001036969778263841,-0.00079662683838153112,0.0059986896003796364,-0.0052345785285287105,0.0062724014336916767
2017-10-27,-0.0011097985377221953,0.0038949367104836874,-0.0071903496404190914,0.0088762380996832754,0.0049424133762163702,0.00043312388365190913,-0.00049526877904759736,0,0,-0.0010423250643920579,-0.0007054946775116866,0.0038949367104836874,-0.0010847226263693832,0.0062333036509349959
2017-10-30,-0.0022506263535606585,-0.0075450975383927199,-0.01000798753587695,0.0089718429771745919,-0.006442448820951352,-0.0023941503141279297,-0.0026412551737414747,0,1,-0.0011097985377221953,-0.00076706191984483581,0.0075450975383927199,0.022036765053524698,-0.13274336283185839
2017-10-31,-0.0015313025972740757,-0.025211132943945391,-0.020308369588271424,0.010069087508472142,-0.023012298676241549,0.00091830397843639666,-0.0062847952817466357,0,0,-0.0022506263535606585,-0.0012806609876188757,0.025211132943945391,-0.00034321903642009488,0.071428571428571397
2017-11-01,-0.00019654294070170497,0.0074809412230618655,-0.014822990286249116,0.010229454391111921,0.0090260654578147026,0.0044207082345726345,0.0072642037355745703,0,0,-0.0015313025972740757,-0.0013942044662425656,0.0074809412230618655,0.0042857398760405285,-0.030476190476190546
2017-11-02,-0.001703805077365339,0.00051494250463846036,-0.022377196205683791,0.01001762733282785,0.00071162531027124665,-0.00082960512627916483,-0.002139248479526179,0,0,-0.00019654294070170497,-0.0012261190987301386,0.00051494250463846036,-0.0016558481613991871,0.0019646365422396617
2017-11-03,-0.0010858281527796887,-0.012208202099307952,-0.029116353427736219,0.010285151476553718,-0.010522325012724876,-0.0012142800391959918,-0.0046595776688650448,0,0,-0.001703805077365339,-0.0013584151013247947,0.012208202099307952,-0.0002367293825830119,-0.026470588235294024
2017-11-06,-0.00015379800838277724,-0.0086561318797289122,-0.046617603557840392,0.010066435409665916,-0.0075785327111237422,0.00018994317756204637,0.00016586187985700995,0,1,-0.0010858281527796887,-0.0013536210243362933,0.0086561318797289122,0.0073716220844861624,-0.079556898288016042
2017-11-07,-0.00046478431227148231,0.0099701230651541017,-0.049074370216655949,0.0098781014813160602,0.010125478351941331,0.005266009347299816,0.0084232341319916415,0,0,-0.00015379800838277724,-0.00093425535530071717,0.0099701230651541017,0.0032523017426424605,0.028446389496717739
2017-11-08,-0.001383546460043017,0.0058965371582477832,-0.049822758463689887,0.0098409741652560386,0.0063642794877840636,0.0061150293036653647,0.0049304485292658295,0,0,-0.00046478431227148231,-0.00072095169830019843,0.0058965371582477832,-0.0027496006742857571,0.052127659574468188
2017-11-09,-0.0009267585111479848,0.0028342298082517647,-0.043183864894363988,0.0099035537953347935,0.0042236198425764648,-0.0035434739386582814,-0.0031940395375250619,0,0,-0.001383546460043017,-0.00095835240216846085,0.0028342298082517647,0.0031531757829008633,-0.011122345803842415
2017-11-10,-0.0010160305592739061,0.0051588681994501062,-0.035670342762222473,0.010036066885020714,0.0060912718486274553,0.0044060202055180575,0.0026725713776902804,0,0,-0.0009267585111479848,-0.00080294308892498996,0.0051588681994501062,-0.005754795908748056,0.07361963190184051
2017-11-13,0.00045501777698397916,0.0016690064971105478,-0.037959679755966369,0.0099773091175227781,0.0026877679107180086,-0.00017206880144959857,0.00091347678398756571,0,1,-0.0010160305592739061,-0.00078898357022383347,0.0016690064971105478,0.00013185087517864069,0.075238095238095104
2017-11-14,-0.00069772951526025917,0.001568442365936118,-0.017619286328108941,0.0091279962352063537,0.0011129181913906994,0.00093030285657702549,0.0019159111924951233,0,0,0.00045501777698397916,-0.00066722041315048219,0.001568442365936118,0.00098652928332954026,0.018600531443755619
2017-11-15,-0.0024395903166223309,-0.006994217696815741,-0.022724390222029767,0.0092297882768157119,-0.0063008844946396136,-0.002048668300194012,-0.0026110377469503732,0,0,-0.00069772951526025917,-0.00071380945374823759,0.006994217696815741,-0.0029196756244821431,0.0078260869565216495
2017-11-16,-0.0018314509352441721,-0.0093703340049525741,-0.022447796874150994,0.0092163372327503205,-0.0069476932134164837,-0.00076428438254938502,0.0013383244442972675,0,0,-0.0024395903166223309,-0.00092501822506410039,0.0093703340049525741,-0.0046988143137223215,0.13287316652286463
2017-11-17,-0.00093420242467989745,-0.0027802589703381786,-0.015723163649947414,0.0090092349520653654,-0.00095054891880030912,-0.0028106093888115025,-0.0031548912719965294,0,0,-0.0018314509352441721,-0.0011059567098833378,0.0027802589703381786,0.012984979593540835,-0.10434120335110442
2017-11-20,-0.0054591396252976487,-0.034740652667784921,-0.061563132560896738,0.01126915722830087,-0.033838061842524692,-0.010777488715935313,-0.019213811292058014,0,1,-0.00093420242467989745,-0.0010895910829645361,0.034740652667784921,-0.0015456428328541882,-0.028061224489795977
2017-11-21,-0.0012204302770926212,0.0025391666804142066,-0.064320274679521283,0.011169363757374467,0.0080422098521908403,0.009445937098142787,0.011703419046495966,0,0,-0.0054591396252976487,-0.0022724225634208617,0.0025391666804142066,0.0011676610952129352,-0.068241469816272882
2017-11-22,0.00012071728012985616,-0.00037709924292184116,-0.059793431492926818,0.01117740350305751,0.00084436151853273245,0.0039180258107696098,0.0036291543905058177,0,0,-0.0012204302770926212,-0.0023769627157873342,0.00037709924292184116,0.010568850679825825,-0.086384976525821555
2017-11-23,-0.0019211348124154037,0.0010988016066373341,-0.064372867752924057,0.011021989748059494,0.00097796626907920015,0.0054115938714527356,-1.9183574475389875e-05,0,0,0.00012071728012985616,-0.0018649011964368967,0.0010988016066373341,0.00071111318357219844,0.015416238437821139
2017-11-24,-0.0037886066876412494,-0.023089245070754494,-0.089522045911688553,0.011728609366146586,-0.021208855328642473,-0.014508800521962795,-0.011111912536168167,0,0,-0.0019211348124154037,-0.0018828379718711431,0.023089245070754494,0.00071111318357219844,0.015416238437821139
2017-11-27,-0.0013501892225766809,0.0014685935586671306,-0.081252887274374408,0.011783026786126619,0.0052771934567306111,-0.00027584430059468534,0.0022389767244683778,0,1,-0.0037886066876412494,-0.0024537188244634135,0.0014685935586671306,0.00071111318357219844,0.015416238437821139
2017-11-28,-0.0012354484550526346,-0.010291691294080696,-0.067191181809181155,0.010812550816187143,-0.0089535911137291757,-0.0058806481656036302,-0.010204353203690619,0,0,-0.0013501892225766809,-0.0016319287439192198,0.010291691294080696,-0.0015444553472411249,0.020682523267838704
2017-11-29,-0.00013097211965840128,0.015685808334253259,-0.059594440193293408,0.011388068343581777,0.016942187989282376,0.0035558128381203424,0.012399142357388815,0,0,-0.0012354484550526346,-0.0016349323795112225,0.015685808334253259,0.0049196629507508582,0.016210739614994862
2017-11-30,-0.0023411682763356811,0.0022139861503949199,-0.057997472449039855,0.011421996226161574,0.0023452654344384705,0.0018161686362718754,0.0064531746065059625,0,0,-0.00013097211965840128,-0.0016852702594688739,0.0022139861503949199,-0.01273371178584437,0.066799601196410707
2017-12-01,-0.0012860513749567426,-0.0054650430488571988,-0.0515668937757785,0.011231332754012481,-0.0031312054513910059,-0.0019114376522522125,-0.0057788043795498067,0,0,-0.0023411682763356811,-0.0017692769522529295,0.0054650430488571988,0.007272498146341011,0.054205607476635498
2017-12-04,-0.00085089635140078723,0.0087004171279676523,-0.03496163074034353,0.011406567549901814,0.009999328152643816,0.0028629720429391714,0.0028838790466383379,0,1,-0.0012860513749567426,-0.0012687658897160281,0.0087004171279676523,-0.0038376658612127024,0.013297872340425565
2017-12-05,-0.0021427731125390759,-0.010482377853413105,-0.054504236687769603,0.011219077095288956,-0.0096396838738491697,-0.005504331596980494,-0.0084762238034138404,0,0,-0.00085089635140078723,-0.0011689073154808494,0.010482377853413105,-0.010546776311081696,0.021872265966754068
2017-12-06,-0.0030805284689773282,-0.027088573557339513,-0.085508700150860539,0.012259239567188111,-0.024999368419279744,-0.0065880825347888194,-0.014576672217793352,0,0,-0.0021427731125390759,-0.0013503722469781377,0.027088573557339513,-0.0019423293488031179,-0.02996575342465746
2017-12-07,-0.0020536221990716808,0.010077934491266483,-0.078903116980289956,0.012586451198513059,0.013199123235135168,0.019804958869865885,0.011453842284080196,0,0,-0.0030805284689773282,-0.0019402835168419231,0.010077934491266483,0.0020954687890497592,-0.027360988526037078
2017-12-08,-0.001257675097747879,-0.00056007878156505431,-0.084143785301511675,0.012430827816385106,0.0014966169032024634,-0.0046086743000053332,-0.0024806624961951629,0,0,-0.0020536221990716808,-0.0018827743013891229,0.00056007878156505431,0.005380453870650781,-0.078039927404718656
2017-12-11,0.0016798388258929542,0.0092856918781567543,-0.077179619897184137,0.012736584299401318,0.010556643803932619,-0.00023023606965832943,0.001825860985455563,0,1,-0.001257675097747879,-0.0018770990459473502,0.0092856918781567543,0.0039983325602832576,-0.057086614173228356
2017-12-12,-0.00043291071007134363,0.011693882221964769,-0.067850290156546644,0.01316082374735905,0.0099972496279945311,0.0037299102074228596,0.0045635004138433466,0,0,0.0016798388258929542,-0.0013709520104886019,0.011693882221964769,0.0051168992175529837,-0.025052192066805867
2017-12-13,-0.0020591298661212232,-0.0091609492195737774,-0.069884234163965164,0.013200619540172072,-0.0087318186072958826,-0.0035111225339631291,-0.0057578696022599907,0,0,-0.00043291071007134363,-0.0010289795299950554,0.0091609492195737774,-0.0018559784031604298,0.062098501070663836
2017-12-14,-0.0012240879214454603,0.0063112823685773645,-0.055160549699941108,0.013300934569787282,0.0083876835644336456,0.0034474132454873629,0.0072922780009931909,0,0,-0.0020591298661212232,-0.00082469980942383452,0.0063112823685773645,0.0019643502488955189,0.02620967741935476
2017-12-15,-0.0013474807147945134,0.00093277180284068173,-0.051642550797256881,0.013326349461040237,0.0021595031460033276,0.0023155160613506087,0.0020723819352232997,0,0,-0.0012240879214454603,-0.00065879295389859038,0.00093277180284068173,-0.0028025829721632922,0.030451866404715089
2017-12-18,-0.0012523340867929278,-0.0033540096296597044,-0.020805494608223229,0.010978852588414158,-0.0020092363220607368,0.00048319628725446151,0.0033455651892180249,0,1,-0.0013474807147945134,-0.00067675407730791724,0.0033540096296597044,0.011675001786618067,-0.10200190657769304
2017-12-19,-0.00088179683061861969,-0.0064919201988009601,-0.02962628779391463,0.011011601809442757,-0.0052461560520566941,0.00023039422855397618,-0.00035739561717129664,0,0,-0.0012523340867929278,-0.0012631886598450937,0.0064919201988009601,0.0083874185837977677,0.011677282377919207
2017-12-20,-0.0013251659267941029,0.005600257755996596,-0.023823829591097634,0.011122655940658414,0.0064877754864771653,0.0031011729481864592,0.0025387182713048073,0,0,-0.00088179683061861969,-0.0013529658839545489,0.005600257755996596,-0.0044190222395049661,0.052465897166841469
2017-12-21,-0.0018418089204896848,-0.010413021757734953,-0.035049062932923425,0.011296890253156023,-0.0090999147278749692,-0.0023051006905385751,-0.004648842100502093,0,0,-0.0013251659267941029,-0.0012061730960891248,0.010413021757734953,-0.00041500032309715884,-0.030907278165503316
2017-12-22,-0.0012081833148749332,0.0014086927132812566,-0.010851040849904736,0.010125465255092184,0.0032564994835695416,-0.00094636464223030181,0.00022268429607641416,0,0,-0.0018418089204896848,-0.0013297172958979698,0.0014086927132812566,0.0006320967222910312,-0.010288065843621519
2017-12-25,-0.00093497650480778294,-0.0020278194134638605,-0.014304442458689004,0.010119934900083194,-0.00082062756712331097,-0.0010078484423063916,-0.0025384379889789033,0,1,-0.0012081833148749332,-0.0013018578159140538,0.0020278194134638605,-0.00077526502578473266,0.029106029106029219
2017-12-26,-0.00087593932967588994,-0.01371062050895111,-0.017709509698199621,0.010317936569697438,-0.012787600109798958,-0.0018464299478283541,-0.00079175195994596326,0,0,-0.00093497650480778294,-0.0012383862995170246,0.01371062050895111,-0.00077526502578473266,0.029106029106029219
2017-12-27,-0.0011347057869994792,0.0043004587155963669,-0.028720513856571595,0.0096505451438142539,0.0051809362310815121,0.003418633640506652,0.0058611758424897964,0,0,-0.00087593932967588994,-0.0012372147993284788,0.0043004587155963669,-0.00077526502578473266,0.029106029106029219
2017-12-28,-0.0019142050143817757,-0.0040367409413611943,-0.034778304988606901,0.0096281445210688477,-0.0029053318512264337,-0.0034620601554482544,-0.0053750886416871202,0,0,-0.0011347057869994792,-0.0011991227713695541,0.0040367409413611943,0.00044548567309421472,0.021463414634146361
2017-12-29,5.1748971489296025e-05,0.0019919830962302765,-0.027541069771082949,0.0096200305343847811,0.0039136796959104991,-0.0013967061849825546,-0.0014096071473684857,0,0,-0.0019142050143817757,-0.0012136019901479722,0.0019919830962302765,0.0015592260935477498,-0.02769818529130863
